scrape_id,timestamp,platform,location_id,location_address,lat,lng,zone_type,zone_label,city,restaurant_name,restaurant_available,restaurant_rating,restaurant_review_count,product_name,product_reference_id,product_price_mxn,product_available,delivery_fee_mxn,service_fee_mxn,estimated_time_min,estimated_time_max,total_price_mxn,promotions_count,promotions_description,data_completeness,errors_count,scrape_duration_seconds
20260414_162204,2026-04-14T21:22:11.176844+00:00,rappi,polanco,"Av. Presidente Masaryk 340, Polanco V Sección, Miguel Hidalgo, CDMX",19.4326,-99.1942,high_income,Polanco,CDMX,McDonald's - Juárez,True,3.7,270,Big Mac TocinoBig Mac Tocino$ 145.00,big_mac,145.0,True,0.0,,12,12,145.0,0,,full,0,123.48
20260414_162204,2026-04-14T21:22:11.176844+00:00,rappi,polanco,"Av. Presidente Masaryk 340, Polanco V Sección, Miguel Hidalgo, CDMX",19.4326,-99.1942,high_income,Polanco,CDMX,McDonald's - Juárez,True,3.7,270,Big Mac Tocino + favoritosMcTrío Big Mac Tocino + Hamburgues,combo_big_mac,199.0,True,0.0,,12,12,199.0,0,,full,0,123.48
20260414_162204,2026-04-14T21:22:11.176844+00:00,rappi,polanco,"Av. Presidente Masaryk 340, Polanco V Sección, Miguel Hidalgo, CDMX",19.4326,-99.1942,high_income,Polanco,CDMX,McDonald's - Juárez,True,3.7,270,Paquete BotaneroDisfruta tus partidos favoritos con 10 McNug,mcnuggets_10,149.0,True,0.0,,12,12,149.0,0,,full,0,123.48
20260414_162204,2026-04-14T21:24:14.659922+00:00,rappi,polanco,"Av. Presidente Masaryk 340, Polanco V Sección, Miguel Hidalgo, CDMX",19.4326,-99.1942,high_income,Polanco,CDMX,Burger King - Juárez,True,3.5,115,Family King PlusSabor para compartir en familia: 1 Whopper®,whopper,319.0,True,0.0,,12,12,319.0,0,,full,0,112.72
20260414_162204,2026-04-14T21:24:14.659922+00:00,rappi,polanco,"Av. Presidente Masaryk 340, Polanco V Sección, Miguel Hidalgo, CDMX",19.4326,-99.1942,high_income,Polanco,CDMX,Burger King - Juárez,True,3.5,115,Combo WhopperLa Burger que nunca pasa de moda. Tradicional W,combo_whopper,209.0,True,0.0,,12,12,209.0,0,,full,0,112.72
20260414_162204,2026-04-14T21:26:07.387502+00:00,rappi,santa_fe,"Av. Santa Fe 440, Santa Fe, Cuajimalpa, CDMX",19.3592,-99.2741,high_income,Santa Fe,CDMX,McDonald's - Juárez,True,3.7,270,Big Mac TocinoBig Mac Tocino$ 145.00,big_mac,145.0,True,0.0,,12,12,145.0,0,,full,0,112.68
20260414_162204,2026-04-14T21:26:07.387502+00:00,rappi,santa_fe,"Av. Santa Fe 440, Santa Fe, Cuajimalpa, CDMX",19.3592,-99.2741,high_income,Santa Fe,CDMX,McDonald's - Juárez,True,3.7,270,Big Mac Tocino + favoritosMcTrío Big Mac Tocino + Hamburgues,combo_big_mac,199.0,True,0.0,,12,12,199.0,0,,full,0,112.68
20260414_162204,2026-04-14T21:26:07.387502+00:00,rappi,santa_fe,"Av. Santa Fe 440, Santa Fe, Cuajimalpa, CDMX",19.3592,-99.2741,high_income,Santa Fe,CDMX,McDonald's - Juárez,True,3.7,270,Paquete BotaneroDisfruta tus partidos favoritos con 10 McNug,mcnuggets_10,149.0,True,0.0,,12,12,149.0,0,,full,0,112.68
20260414_162204,2026-04-14T21:28:00.085295+00:00,rappi,santa_fe,"Av. Santa Fe 440, Santa Fe, Cuajimalpa, CDMX",19.3592,-99.2741,high_income,Santa Fe,CDMX,Burger King - Juárez,True,3.5,115,Family King PlusSabor para compartir en familia: 1 Whopper®,whopper,319.0,True,0.0,,12,12,319.0,0,,full,0,108.63
20260414_162204,2026-04-14T21:28:00.085295+00:00,rappi,santa_fe,"Av. Santa Fe 440, Santa Fe, Cuajimalpa, CDMX",19.3592,-99.2741,high_income,Santa Fe,CDMX,Burger King - Juárez,True,3.5,115,Combo WhopperLa Burger que nunca pasa de moda. Tradicional W,combo_whopper,209.0,True,0.0,,12,12,209.0,0,,full,0,108.63
20260414_162204,2026-04-14T21:29:48.740554+00:00,rappi,condesa,"Ámsterdam 240, Hipódromo, Cuauhtémoc, CDMX",19.4113,-99.1722,high_income,Condesa,CDMX,McDonald's - Juárez,True,3.7,270,Big Mac TocinoBig Mac Tocino$ 145.00,big_mac,145.0,True,0.0,,12,12,145.0,0,,full,0,109.44
20260414_162204,2026-04-14T21:29:48.740554+00:00,rappi,condesa,"Ámsterdam 240, Hipódromo, Cuauhtémoc, CDMX",19.4113,-99.1722,high_income,Condesa,CDMX,McDonald's - Juárez,True,3.7,270,Big Mac Tocino + favoritosMcTrío Big Mac Tocino + Hamburgues,combo_big_mac,199.0,True,0.0,,12,12,199.0,0,,full,0,109.44
20260414_162204,2026-04-14T21:29:48.740554+00:00,rappi,condesa,"Ámsterdam 240, Hipódromo, Cuauhtémoc, CDMX",19.4113,-99.1722,high_income,Condesa,CDMX,McDonald's - Juárez,True,3.7,270,Paquete BotaneroDisfruta tus partidos favoritos con 10 McNug,mcnuggets_10,149.0,True,0.0,,12,12,149.0,0,,full,0,109.44
20260414_162204,2026-04-14T21:31:38.237830+00:00,rappi,condesa,"Ámsterdam 240, Hipódromo, Cuauhtémoc, CDMX",19.4113,-99.1722,high_income,Condesa,CDMX,Burger King - Juárez,True,3.5,115,Family King PlusSabor para compartir en familia: 1 Whopper®,whopper,319.0,True,0.0,,12,12,319.0,0,,full,0,108.91
20260414_162204,2026-04-14T21:31:38.237830+00:00,rappi,condesa,"Ámsterdam 240, Hipódromo, Cuauhtémoc, CDMX",19.4113,-99.1722,high_income,Condesa,CDMX,Burger King - Juárez,True,3.5,115,Combo WhopperLa Burger que nunca pasa de moda. Tradicional W,combo_whopper,209.0,True,0.0,,12,12,209.0,0,,full,0,108.91
20260414_162204,2026-04-14T21:37:23.890906+00:00,rappi,roma_norte,"Av. Álvaro Obregón 120, Roma Norte, Cuauhtémoc, CDMX",19.4195,-99.1619,high_income,Roma Norte,CDMX,McDonald's - Juárez,True,3.7,270,Big Mac TocinoBig Mac Tocino$ 145.00,big_mac,145.0,True,0.0,,12,12,145.0,0,,full,0,110.75
20260414_162204,2026-04-14T21:37:23.890906+00:00,rappi,roma_norte,"Av. Álvaro Obregón 120, Roma Norte, Cuauhtémoc, CDMX",19.4195,-99.1619,high_income,Roma Norte,CDMX,McDonald's - Juárez,True,3.7,270,Big Mac Tocino + favoritosMcTrío Big Mac Tocino + Hamburgues,combo_big_mac,199.0,True,0.0,,12,12,199.0,0,,full,0,110.75
20260414_162204,2026-04-14T21:37:23.890906+00:00,rappi,roma_norte,"Av. Álvaro Obregón 120, Roma Norte, Cuauhtémoc, CDMX",19.4195,-99.1619,high_income,Roma Norte,CDMX,McDonald's - Juárez,True,3.7,270,Paquete BotaneroDisfruta tus partidos favoritos con 10 McNug,mcnuggets_10,149.0,True,0.0,,12,12,149.0,0,,full,0,110.75
20260414_162204,2026-04-14T21:39:14.671709+00:00,rappi,roma_norte,"Av. Álvaro Obregón 120, Roma Norte, Cuauhtémoc, CDMX",19.4195,-99.1619,high_income,Roma Norte,CDMX,Burger King - Juárez,True,3.5,115,Family King PlusSabor para compartir en familia: 1 Whopper®,whopper,319.0,True,0.0,,12,12,319.0,0,,full,0,110.62
20260414_162204,2026-04-14T21:39:14.671709+00:00,rappi,roma_norte,"Av. Álvaro Obregón 120, Roma Norte, Cuauhtémoc, CDMX",19.4195,-99.1619,high_income,Roma Norte,CDMX,Burger King - Juárez,True,3.5,115,Combo WhopperLa Burger que nunca pasa de moda. Tradicional W,combo_whopper,209.0,True,0.0,,12,12,209.0,0,,full,0,110.62
20260414_162204,2026-04-14T21:41:05.302325+00:00,rappi,lomas,"Blvd. Manuel Ávila Camacho 40, Lomas de Chapultepec, Miguel Hidalgo, CDMX",19.4251,-99.2117,high_income,Lomas de Chapultepec,CDMX,McDonald's - Juárez,True,3.7,270,Big Mac TocinoBig Mac Tocino$ 145.00,big_mac,145.0,True,0.0,,12,12,145.0,0,,full,0,168.3
20260414_162204,2026-04-14T21:41:05.302325+00:00,rappi,lomas,"Blvd. Manuel Ávila Camacho 40, Lomas de Chapultepec, Miguel Hidalgo, CDMX",19.4251,-99.2117,high_income,Lomas de Chapultepec,CDMX,McDonald's - Juárez,True,3.7,270,Big Mac Tocino + favoritosMcTrío Big Mac Tocino + Hamburgues,combo_big_mac,199.0,True,0.0,,12,12,199.0,0,,full,0,168.3
20260414_162204,2026-04-14T21:41:05.302325+00:00,rappi,lomas,"Blvd. Manuel Ávila Camacho 40, Lomas de Chapultepec, Miguel Hidalgo, CDMX",19.4251,-99.2117,high_income,Lomas de Chapultepec,CDMX,McDonald's - Juárez,True,3.7,270,Paquete BotaneroDisfruta tus partidos favoritos con 10 McNug,mcnuggets_10,149.0,True,0.0,,12,12,149.0,0,,full,0,168.3
20260414_162204,2026-04-14T21:43:53.605184+00:00,rappi,lomas,"Blvd. Manuel Ávila Camacho 40, Lomas de Chapultepec, Miguel Hidalgo, CDMX",19.4251,-99.2117,high_income,Lomas de Chapultepec,CDMX,Burger King - Juárez,True,3.5,115,Family King PlusSabor para compartir en familia: 1 Whopper®,whopper,319.0,True,0.0,,12,12,319.0,0,,full,0,109.68
20260414_162204,2026-04-14T21:43:53.605184+00:00,rappi,lomas,"Blvd. Manuel Ávila Camacho 40, Lomas de Chapultepec, Miguel Hidalgo, CDMX",19.4251,-99.2117,high_income,Lomas de Chapultepec,CDMX,Burger King - Juárez,True,3.5,115,Combo WhopperLa Burger que nunca pasa de moda. Tradicional W,combo_whopper,209.0,True,0.0,,12,12,209.0,0,,full,0,109.68
20260414_162204,2026-04-14T21:45:43.291974+00:00,rappi,del_valle,"Av. Universidad 1200, Del Valle Centro, Benito Juárez, CDMX",19.3846,-99.1736,medium_high_income,Del Valle,CDMX,McDonald's - Juárez,True,3.7,270,Big Mac TocinoBig Mac Tocino$ 145.00,big_mac,145.0,True,0.0,,12,12,145.0,0,,full,0,112.2
20260414_162204,2026-04-14T21:45:43.291974+00:00,rappi,del_valle,"Av. Universidad 1200, Del Valle Centro, Benito Juárez, CDMX",19.3846,-99.1736,medium_high_income,Del Valle,CDMX,McDonald's - Juárez,True,3.7,270,Big Mac Tocino + favoritosMcTrío Big Mac Tocino + Hamburgues,combo_big_mac,199.0,True,0.0,,12,12,199.0,0,,full,0,112.2
20260414_162204,2026-04-14T21:45:43.291974+00:00,rappi,del_valle,"Av. Universidad 1200, Del Valle Centro, Benito Juárez, CDMX",19.3846,-99.1736,medium_high_income,Del Valle,CDMX,McDonald's - Juárez,True,3.7,270,Paquete BotaneroDisfruta tus partidos favoritos con 10 McNug,mcnuggets_10,149.0,True,0.0,,12,12,149.0,0,,full,0,112.2
20260414_162204,2026-04-14T21:47:35.492719+00:00,rappi,del_valle,"Av. Universidad 1200, Del Valle Centro, Benito Juárez, CDMX",19.3846,-99.1736,medium_high_income,Del Valle,CDMX,Burger King - Juárez,True,3.5,115,Family King PlusSabor para compartir en familia: 1 Whopper®,whopper,319.0,True,0.0,,12,12,319.0,0,,full,0,114.66
20260414_162204,2026-04-14T21:47:35.492719+00:00,rappi,del_valle,"Av. Universidad 1200, Del Valle Centro, Benito Juárez, CDMX",19.3846,-99.1736,medium_high_income,Del Valle,CDMX,Burger King - Juárez,True,3.5,115,Combo WhopperLa Burger que nunca pasa de moda. Tradicional W,combo_whopper,209.0,True,0.0,,12,12,209.0,0,,full,0,114.66
20260414_162204,2026-04-14T21:50:34.660498+00:00,rappi,del_valle_sur,"Av. Coyoacán 1500, Del Valle Sur, Benito Juárez, CDMX",19.3723,-99.1667,medium_high_income,Del Valle Sur,CDMX,McDonald's - Juárez,True,3.7,270,Big Mac TocinoBig Mac Tocino$ 145.00,big_mac,145.0,True,0.0,,12,12,145.0,0,,full,0,122.62
20260414_162204,2026-04-14T21:50:34.660498+00:00,rappi,del_valle_sur,"Av. Coyoacán 1500, Del Valle Sur, Benito Juárez, CDMX",19.3723,-99.1667,medium_high_income,Del Valle Sur,CDMX,McDonald's - Juárez,True,3.7,270,Big Mac Tocino + favoritosMcTrío Big Mac Tocino + Hamburgues,combo_big_mac,199.0,True,0.0,,12,12,199.0,0,,full,0,122.62
20260414_162204,2026-04-14T21:50:34.660498+00:00,rappi,del_valle_sur,"Av. Coyoacán 1500, Del Valle Sur, Benito Juárez, CDMX",19.3723,-99.1667,medium_high_income,Del Valle Sur,CDMX,McDonald's - Juárez,True,3.7,270,Paquete BotaneroDisfruta tus partidos favoritos con 10 McNug,mcnuggets_10,149.0,True,0.0,,12,12,149.0,0,,full,0,122.62
20260414_162204,2026-04-14T21:52:37.301222+00:00,rappi,del_valle_sur,"Av. Coyoacán 1500, Del Valle Sur, Benito Juárez, CDMX",19.3723,-99.1667,medium_high_income,Del Valle Sur,CDMX,Burger King - Juárez,True,3.5,115,Family King PlusSabor para compartir en familia: 1 Whopper®,whopper,319.0,True,0.0,,12,12,319.0,0,,full,0,139.32
20260414_162204,2026-04-14T21:52:37.301222+00:00,rappi,del_valle_sur,"Av. Coyoacán 1500, Del Valle Sur, Benito Juárez, CDMX",19.3723,-99.1667,medium_high_income,Del Valle Sur,CDMX,Burger King - Juárez,True,3.5,115,Combo WhopperLa Burger que nunca pasa de moda. Tradicional W,combo_whopper,209.0,True,0.0,,12,12,209.0,0,,full,0,139.32
20260414_162204,2026-04-14T21:54:56.629479+00:00,rappi,country_club,"Calz. de Tlalpan 2000, Country Club, Coyoacán, CDMX",19.3594,-99.1534,medium_high_income,Coyoacán,CDMX,McDonald's - Juárez,True,3.7,270,Big Mac TocinoBig Mac Tocino$ 145.00,big_mac,145.0,True,0.0,,12,12,145.0,0,,full,0,135.56
20260414_162204,2026-04-14T21:54:56.629479+00:00,rappi,country_club,"Calz. de Tlalpan 2000, Country Club, Coyoacán, CDMX",19.3594,-99.1534,medium_high_income,Coyoacán,CDMX,McDonald's - Juárez,True,3.7,270,Big Mac Tocino + favoritosMcTrío Big Mac Tocino + Hamburgues,combo_big_mac,199.0,True,0.0,,12,12,199.0,0,,full,0,135.56
20260414_162204,2026-04-14T21:54:56.629479+00:00,rappi,country_club,"Calz. de Tlalpan 2000, Country Club, Coyoacán, CDMX",19.3594,-99.1534,medium_high_income,Coyoacán,CDMX,McDonald's - Juárez,True,3.7,270,Paquete BotaneroDisfruta tus partidos favoritos con 10 McNug,mcnuggets_10,149.0,True,0.0,,12,12,149.0,0,,full,0,135.56
20260414_162204,2026-04-14T21:57:12.206996+00:00,rappi,country_club,"Calz. de Tlalpan 2000, Country Club, Coyoacán, CDMX",19.3594,-99.1534,medium_high_income,Coyoacán,CDMX,Burger King - Juárez,True,3.5,115,Family King PlusSabor para compartir en familia: 1 Whopper®,whopper,319.0,True,0.0,,12,12,319.0,0,,full,0,141.34
20260414_162204,2026-04-14T21:57:12.206996+00:00,rappi,country_club,"Calz. de Tlalpan 2000, Country Club, Coyoacán, CDMX",19.3594,-99.1534,medium_high_income,Coyoacán,CDMX,Burger King - Juárez,True,3.5,115,Combo WhopperLa Burger que nunca pasa de moda. Tradicional W,combo_whopper,209.0,True,0.0,,12,12,209.0,0,,full,0,141.34
20260414_162204,2026-04-14T21:59:33.560479+00:00,rappi,florida,"Insurgentes Sur 1800, Florida, Álvaro Obregón, CDMX",19.3645,-99.1871,medium_high_income,Insurgentes Sur,CDMX,McDonald's - Juárez,True,3.7,270,Big Mac TocinoBig Mac Tocino$ 145.00,big_mac,145.0,True,0.0,,12,12,145.0,0,,full,0,116.57
20260414_162204,2026-04-14T21:59:33.560479+00:00,rappi,florida,"Insurgentes Sur 1800, Florida, Álvaro Obregón, CDMX",19.3645,-99.1871,medium_high_income,Insurgentes Sur,CDMX,McDonald's - Juárez,True,3.7,270,Big Mac Tocino + favoritosMcTrío Big Mac Tocino + Hamburgues,combo_big_mac,199.0,True,0.0,,12,12,199.0,0,,full,0,116.57
20260414_162204,2026-04-14T21:59:33.560479+00:00,rappi,florida,"Insurgentes Sur 1800, Florida, Álvaro Obregón, CDMX",19.3645,-99.1871,medium_high_income,Insurgentes Sur,CDMX,McDonald's - Juárez,True,3.7,270,Paquete BotaneroDisfruta tus partidos favoritos con 10 McNug,mcnuggets_10,149.0,True,0.0,,12,12,149.0,0,,full,0,116.57
20260414_162204,2026-04-14T22:01:30.134122+00:00,rappi,florida,"Insurgentes Sur 1800, Florida, Álvaro Obregón, CDMX",19.3645,-99.1871,medium_high_income,Insurgentes Sur,CDMX,Burger King - Juárez,True,3.5,115,Family King PlusSabor para compartir en familia: 1 Whopper®,whopper,319.0,True,0.0,,12,12,319.0,0,,full,0,111.43
20260414_162204,2026-04-14T22:01:30.134122+00:00,rappi,florida,"Insurgentes Sur 1800, Florida, Álvaro Obregón, CDMX",19.3645,-99.1871,medium_high_income,Insurgentes Sur,CDMX,Burger King - Juárez,True,3.5,115,Combo WhopperLa Burger que nunca pasa de moda. Tradicional W,combo_whopper,209.0,True,0.0,,12,12,209.0,0,,full,0,111.43
20260414_162204,2026-04-14T22:07:07.985228+00:00,rappi,mixcoac,"Av. Revolución 1300, Mixcoac, Benito Juárez, CDMX",19.3768,-99.1872,medium_high_income,Mixcoac,CDMX,McDonald's - Juárez,True,3.7,270,Big Mac TocinoBig Mac Tocino$ 145.00,big_mac,145.0,True,0.0,,12,12,145.0,0,,full,0,113.97
20260414_162204,2026-04-14T22:07:07.985228+00:00,rappi,mixcoac,"Av. Revolución 1300, Mixcoac, Benito Juárez, CDMX",19.3768,-99.1872,medium_high_income,Mixcoac,CDMX,McDonald's - Juárez,True,3.7,270,Big Mac Tocino + favoritosMcTrío Big Mac Tocino + Hamburgues,combo_big_mac,199.0,True,0.0,,12,12,199.0,0,,full,0,113.97
20260414_162204,2026-04-14T22:07:07.985228+00:00,rappi,mixcoac,"Av. Revolución 1300, Mixcoac, Benito Juárez, CDMX",19.3768,-99.1872,medium_high_income,Mixcoac,CDMX,McDonald's - Juárez,True,3.7,270,Paquete BotaneroDisfruta tus partidos favoritos con 10 McNug,mcnuggets_10,149.0,True,0.0,,12,12,149.0,0,,full,0,113.97
20260414_162204,2026-04-14T22:09:01.966656+00:00,rappi,mixcoac,"Av. Revolución 1300, Mixcoac, Benito Juárez, CDMX",19.3768,-99.1872,medium_high_income,Mixcoac,CDMX,Burger King - Juárez,True,3.5,115,Family King PlusSabor para compartir en familia: 1 Whopper®,whopper,319.0,True,0.0,,12,12,319.0,0,,full,0,106.15
20260414_162204,2026-04-14T22:09:01.966656+00:00,rappi,mixcoac,"Av. Revolución 1300, Mixcoac, Benito Juárez, CDMX",19.3768,-99.1872,medium_high_income,Mixcoac,CDMX,Burger King - Juárez,True,3.5,115,Combo WhopperLa Burger que nunca pasa de moda. Tradicional W,combo_whopper,209.0,True,0.0,,12,12,209.0,0,,full,0,106.15
20260414_162204,2026-04-14T22:10:48.129335+00:00,rappi,narvarte,"Eje Central 500, Narvarte Poniente, Benito Juárez, CDMX",19.396,-99.1496,medium_income,Narvarte,CDMX,McDonald's - Juárez,True,3.7,270,Big Mac TocinoBig Mac Tocino$ 145.00,big_mac,145.0,True,0.0,,12,12,145.0,0,,full,0,111.96
20260414_162204,2026-04-14T22:10:48.129335+00:00,rappi,narvarte,"Eje Central 500, Narvarte Poniente, Benito Juárez, CDMX",19.396,-99.1496,medium_income,Narvarte,CDMX,McDonald's - Juárez,True,3.7,270,Big Mac Tocino + favoritosMcTrío Big Mac Tocino + Hamburgues,combo_big_mac,199.0,True,0.0,,12,12,199.0,0,,full,0,111.96
20260414_162204,2026-04-14T22:10:48.129335+00:00,rappi,narvarte,"Eje Central 500, Narvarte Poniente, Benito Juárez, CDMX",19.396,-99.1496,medium_income,Narvarte,CDMX,McDonald's - Juárez,True,3.7,270,Paquete BotaneroDisfruta tus partidos favoritos con 10 McNug,mcnuggets_10,149.0,True,0.0,,12,12,149.0,0,,full,0,111.96
20260414_162204,2026-04-14T22:12:40.089959+00:00,rappi,narvarte,"Eje Central 500, Narvarte Poniente, Benito Juárez, CDMX",19.396,-99.1496,medium_income,Narvarte,CDMX,Burger King - Juárez,True,3.5,115,Family King PlusSabor para compartir en familia: 1 Whopper®,whopper,319.0,True,0.0,,12,12,319.0,0,,full,0,110.66
20260414_162204,2026-04-14T22:12:40.089959+00:00,rappi,narvarte,"Eje Central 500, Narvarte Poniente, Benito Juárez, CDMX",19.396,-99.1496,medium_income,Narvarte,CDMX,Burger King - Juárez,True,3.5,115,Combo WhopperLa Burger que nunca pasa de moda. Tradicional W,combo_whopper,209.0,True,0.0,,12,12,209.0,0,,full,0,110.66
20260414_162204,2026-04-14T22:14:30.747053+00:00,rappi,narvarte_ote,"Av. Cuauhtémoc 800, Narvarte Oriente, Benito Juárez, CDMX",19.3915,-99.144,medium_income,Narvarte Oriente,CDMX,McDonald's - Juárez,True,3.7,270,Big Mac TocinoBig Mac Tocino$ 145.00,big_mac,145.0,True,0.0,,12,12,145.0,0,,full,0,116.0
20260414_162204,2026-04-14T22:14:30.747053+00:00,rappi,narvarte_ote,"Av. Cuauhtémoc 800, Narvarte Oriente, Benito Juárez, CDMX",19.3915,-99.144,medium_income,Narvarte Oriente,CDMX,McDonald's - Juárez,True,3.7,270,Big Mac Tocino + favoritosMcTrío Big Mac Tocino + Hamburgues,combo_big_mac,199.0,True,0.0,,12,12,199.0,0,,full,0,116.0
20260414_162204,2026-04-14T22:14:30.747053+00:00,rappi,narvarte_ote,"Av. Cuauhtémoc 800, Narvarte Oriente, Benito Juárez, CDMX",19.3915,-99.144,medium_income,Narvarte Oriente,CDMX,McDonald's - Juárez,True,3.7,270,Paquete BotaneroDisfruta tus partidos favoritos con 10 McNug,mcnuggets_10,149.0,True,0.0,,12,12,149.0,0,,full,0,116.0
20260414_162204,2026-04-14T22:16:26.766381+00:00,rappi,narvarte_ote,"Av. Cuauhtémoc 800, Narvarte Oriente, Benito Juárez, CDMX",19.3915,-99.144,medium_income,Narvarte Oriente,CDMX,Burger King - Juárez,True,3.5,115,Family King PlusSabor para compartir en familia: 1 Whopper®,whopper,319.0,True,0.0,,12,12,319.0,0,,full,0,143.17
20260414_162204,2026-04-14T22:16:26.766381+00:00,rappi,narvarte_ote,"Av. Cuauhtémoc 800, Narvarte Oriente, Benito Juárez, CDMX",19.3915,-99.144,medium_income,Narvarte Oriente,CDMX,Burger King - Juárez,True,3.5,115,Combo WhopperLa Burger que nunca pasa de moda. Tradicional W,combo_whopper,209.0,True,0.0,,12,12,209.0,0,,full,0,143.17
20260414_162204,2026-04-14T22:19:49.337870+00:00,rappi,agricola_oriental,"Calz. Ignacio Zaragoza 600, Agrícola Oriental, Iztacalco, CDMX",19.3965,-99.0863,medium_income,Agrícola Oriental,CDMX,McDonald's - Juárez,True,3.7,270,Big Mac TocinoBig Mac Tocino$ 145.00,big_mac,145.0,True,0.0,,12,12,145.0,0,,full,0,124.13
20260414_162204,2026-04-14T22:19:49.337870+00:00,rappi,agricola_oriental,"Calz. Ignacio Zaragoza 600, Agrícola Oriental, Iztacalco, CDMX",19.3965,-99.0863,medium_income,Agrícola Oriental,CDMX,McDonald's - Juárez,True,3.7,270,Big Mac Tocino + favoritosMcTrío Big Mac Tocino + Hamburgues,combo_big_mac,199.0,True,0.0,,12,12,199.0,0,,full,0,124.13
20260414_162204,2026-04-14T22:19:49.337870+00:00,rappi,agricola_oriental,"Calz. Ignacio Zaragoza 600, Agrícola Oriental, Iztacalco, CDMX",19.3965,-99.0863,medium_income,Agrícola Oriental,CDMX,McDonald's - Juárez,True,3.7,270,Paquete BotaneroDisfruta tus partidos favoritos con 10 McNug,mcnuggets_10,149.0,True,0.0,,12,12,149.0,0,,full,0,124.13
20260414_162204,2026-04-14T22:21:53.490234+00:00,rappi,agricola_oriental,"Calz. Ignacio Zaragoza 600, Agrícola Oriental, Iztacalco, CDMX",19.3965,-99.0863,medium_income,Agrícola Oriental,CDMX,Burger King - Juárez,True,3.5,115,Family King PlusSabor para compartir en familia: 1 Whopper®,whopper,319.0,True,0.0,,12,12,319.0,0,,full,0,109.15
20260414_162204,2026-04-14T22:21:53.490234+00:00,rappi,agricola_oriental,"Calz. Ignacio Zaragoza 600, Agrícola Oriental, Iztacalco, CDMX",19.3965,-99.0863,medium_income,Agrícola Oriental,CDMX,Burger King - Juárez,True,3.5,115,Combo WhopperLa Burger que nunca pasa de moda. Tradicional W,combo_whopper,209.0,True,0.0,,12,12,209.0,0,,full,0,109.15
20260414_162204,2026-04-14T22:27:04.705334+00:00,rappi,letran_valle,"Eje 5 Sur 300, Letrán Valle, Benito Juárez, CDMX",19.375,-99.157,medium_income,Letrán Valle,CDMX,McDonald's - Juárez,True,3.7,270,Big Mac TocinoBig Mac Tocino$ 145.00,big_mac,145.0,True,0.0,,12,12,145.0,0,,full,0,138.28
20260414_162204,2026-04-14T22:27:04.705334+00:00,rappi,letran_valle,"Eje 5 Sur 300, Letrán Valle, Benito Juárez, CDMX",19.375,-99.157,medium_income,Letrán Valle,CDMX,McDonald's - Juárez,True,3.7,270,Big Mac Tocino + favoritosMcTrío Big Mac Tocino + Hamburgues,combo_big_mac,199.0,True,0.0,,12,12,199.0,0,,full,0,138.28
20260414_162204,2026-04-14T22:27:04.705334+00:00,rappi,letran_valle,"Eje 5 Sur 300, Letrán Valle, Benito Juárez, CDMX",19.375,-99.157,medium_income,Letrán Valle,CDMX,McDonald's - Juárez,True,3.7,270,Paquete BotaneroDisfruta tus partidos favoritos con 10 McNug,mcnuggets_10,149.0,True,0.0,,12,12,149.0,0,,full,0,138.28
20260414_162204,2026-04-14T22:29:22.997357+00:00,rappi,letran_valle,"Eje 5 Sur 300, Letrán Valle, Benito Juárez, CDMX",19.375,-99.157,medium_income,Letrán Valle,CDMX,Burger King - Juárez,True,3.5,115,Family King PlusSabor para compartir en familia: 1 Whopper®,whopper,319.0,True,0.0,,13,13,319.0,0,,full,0,109.43
20260414_162204,2026-04-14T22:29:22.997357+00:00,rappi,letran_valle,"Eje 5 Sur 300, Letrán Valle, Benito Juárez, CDMX",19.375,-99.157,medium_income,Letrán Valle,CDMX,Burger King - Juárez,True,3.5,115,Combo WhopperLa Burger que nunca pasa de moda. Tradicional W,combo_whopper,209.0,True,0.0,,13,13,209.0,0,,full,0,109.43
20260414_162204,2026-04-14T22:31:12.436158+00:00,rappi,tacuba,"Calz. México-Tacuba 500, Tacuba, Miguel Hidalgo, CDMX",19.452,-99.18,medium_income,Tacuba,CDMX,McDonald's - Juárez,True,3.7,270,Big Mac TocinoBig Mac Tocino$ 145.00,big_mac,145.0,True,0.0,,12,12,145.0,0,,full,0,108.85
20260414_162204,2026-04-14T22:31:12.436158+00:00,rappi,tacuba,"Calz. México-Tacuba 500, Tacuba, Miguel Hidalgo, CDMX",19.452,-99.18,medium_income,Tacuba,CDMX,McDonald's - Juárez,True,3.7,270,Big Mac Tocino + favoritosMcTrío Big Mac Tocino + Hamburgues,combo_big_mac,199.0,True,0.0,,12,12,199.0,0,,full,0,108.85
20260414_162204,2026-04-14T22:31:12.436158+00:00,rappi,tacuba,"Calz. México-Tacuba 500, Tacuba, Miguel Hidalgo, CDMX",19.452,-99.18,medium_income,Tacuba,CDMX,McDonald's - Juárez,True,3.7,270,Paquete BotaneroDisfruta tus partidos favoritos con 10 McNug,mcnuggets_10,149.0,True,0.0,,12,12,149.0,0,,full,0,108.85
20260414_162204,2026-04-14T22:33:01.308255+00:00,rappi,tacuba,"Calz. México-Tacuba 500, Tacuba, Miguel Hidalgo, CDMX",19.452,-99.18,medium_income,Tacuba,CDMX,Burger King - Juárez,True,3.5,115,Family King PlusSabor para compartir en familia: 1 Whopper®,whopper,319.0,True,0.0,,13,13,319.0,0,,full,0,116.86
20260414_162204,2026-04-14T22:33:01.308255+00:00,rappi,tacuba,"Calz. México-Tacuba 500, Tacuba, Miguel Hidalgo, CDMX",19.452,-99.18,medium_income,Tacuba,CDMX,Burger King - Juárez,True,3.5,115,Combo WhopperLa Burger que nunca pasa de moda. Tradicional W,combo_whopper,209.0,True,0.0,,13,13,209.0,0,,full,0,116.86
20260414_162204,2026-04-14T22:35:50.739294+00:00,rappi,iztapalapa,"Av. Ermita Iztapalapa 3000, Santa Cruz Meyehualco, Iztapalapa, CDMX",19.3579,-99.052,low_income,Iztapalapa,CDMX,McDonald's - Juárez,True,3.7,270,Big Mac TocinoBig Mac Tocino$ 145.00,big_mac,145.0,True,0.0,,12,12,145.0,0,,full,0,122.32
20260414_162204,2026-04-14T22:35:50.739294+00:00,rappi,iztapalapa,"Av. Ermita Iztapalapa 3000, Santa Cruz Meyehualco, Iztapalapa, CDMX",19.3579,-99.052,low_income,Iztapalapa,CDMX,McDonald's - Juárez,True,3.7,270,Big Mac Tocino + favoritosMcTrío Big Mac Tocino + Hamburgues,combo_big_mac,199.0,True,0.0,,12,12,199.0,0,,full,0,122.32
20260414_162204,2026-04-14T22:35:50.739294+00:00,rappi,iztapalapa,"Av. Ermita Iztapalapa 3000, Santa Cruz Meyehualco, Iztapalapa, CDMX",19.3579,-99.052,low_income,Iztapalapa,CDMX,McDonald's - Juárez,True,3.7,270,Paquete BotaneroDisfruta tus partidos favoritos con 10 McNug,mcnuggets_10,149.0,True,0.0,,12,12,149.0,0,,full,0,122.32
20260414_162204,2026-04-14T22:37:53.060611+00:00,rappi,iztapalapa,"Av. Ermita Iztapalapa 3000, Santa Cruz Meyehualco, Iztapalapa, CDMX",19.3579,-99.052,low_income,Iztapalapa,CDMX,Burger King - Juárez,True,3.5,115,Family King PlusSabor para compartir en familia: 1 Whopper®,whopper,319.0,True,0.0,,13,13,319.0,0,,full,0,167.86
20260414_162204,2026-04-14T22:37:53.060611+00:00,rappi,iztapalapa,"Av. Ermita Iztapalapa 3000, Santa Cruz Meyehualco, Iztapalapa, CDMX",19.3579,-99.052,low_income,Iztapalapa,CDMX,Burger King - Juárez,True,3.5,115,Combo WhopperLa Burger que nunca pasa de moda. Tradicional W,combo_whopper,209.0,True,0.0,,13,13,209.0,0,,full,0,167.86
20260414_162204,2026-04-14T22:43:33.681217+00:00,rappi,tlahuac,"Av. Tláhuac 4000, Santiago Acahualtepec, Iztapalapa, CDMX",19.335,-99.03,low_income,Tláhuac / Sur-Oriente,CDMX,McDonald's - Juárez,True,3.7,270,Big Mac TocinoBig Mac Tocino$ 145.00,big_mac,145.0,True,0.0,,12,12,145.0,0,,full,0,112.91
20260414_162204,2026-04-14T22:43:33.681217+00:00,rappi,tlahuac,"Av. Tláhuac 4000, Santiago Acahualtepec, Iztapalapa, CDMX",19.335,-99.03,low_income,Tláhuac / Sur-Oriente,CDMX,McDonald's - Juárez,True,3.7,270,Big Mac Tocino + favoritosMcTrío Big Mac Tocino + Hamburgues,combo_big_mac,199.0,True,0.0,,12,12,199.0,0,,full,0,112.91
20260414_162204,2026-04-14T22:43:33.681217+00:00,rappi,tlahuac,"Av. Tláhuac 4000, Santiago Acahualtepec, Iztapalapa, CDMX",19.335,-99.03,low_income,Tláhuac / Sur-Oriente,CDMX,McDonald's - Juárez,True,3.7,270,Paquete BotaneroDisfruta tus partidos favoritos con 10 McNug,mcnuggets_10,149.0,True,0.0,,12,12,149.0,0,,full,0,112.91
20260414_162204,2026-04-14T22:45:26.606321+00:00,rappi,tlahuac,"Av. Tláhuac 4000, Santiago Acahualtepec, Iztapalapa, CDMX",19.335,-99.03,low_income,Tláhuac / Sur-Oriente,CDMX,Burger King - Juárez,True,3.5,115,Family King PlusSabor para compartir en familia: 1 Whopper®,whopper,319.0,True,0.0,,13,13,319.0,0,,full,0,109.68
20260414_162204,2026-04-14T22:45:26.606321+00:00,rappi,tlahuac,"Av. Tláhuac 4000, Santiago Acahualtepec, Iztapalapa, CDMX",19.335,-99.03,low_income,Tláhuac / Sur-Oriente,CDMX,Burger King - Juárez,True,3.5,115,Combo WhopperLa Burger que nunca pasa de moda. Tradicional W,combo_whopper,209.0,True,0.0,,13,13,209.0,0,,full,0,109.68
20260414_162204,2026-04-14T22:50:37.946869+00:00,rappi,gam,"Gran Canal 500, Casas Alemán, Gustavo A. Madero, CDMX",19.4836,-99.0921,low_income,GAM Norte,CDMX,McDonald's - Juárez,True,3.7,270,Big Mac TocinoBig Mac Tocino$ 145.00,big_mac,145.0,True,0.0,,12,12,145.0,0,,full,0,116.37
20260414_162204,2026-04-14T22:50:37.946869+00:00,rappi,gam,"Gran Canal 500, Casas Alemán, Gustavo A. Madero, CDMX",19.4836,-99.0921,low_income,GAM Norte,CDMX,McDonald's - Juárez,True,3.7,270,Big Mac Tocino + favoritosMcTrío Big Mac Tocino + Hamburgues,combo_big_mac,199.0,True,0.0,,12,12,199.0,0,,full,0,116.37
20260414_162204,2026-04-14T22:50:37.946869+00:00,rappi,gam,"Gran Canal 500, Casas Alemán, Gustavo A. Madero, CDMX",19.4836,-99.0921,low_income,GAM Norte,CDMX,McDonald's - Juárez,True,3.7,270,Paquete BotaneroDisfruta tus partidos favoritos con 10 McNug,mcnuggets_10,149.0,True,0.0,,12,12,149.0,0,,full,0,116.37
20260414_162204,2026-04-14T22:52:34.334555+00:00,rappi,gam,"Gran Canal 500, Casas Alemán, Gustavo A. Madero, CDMX",19.4836,-99.0921,low_income,GAM Norte,CDMX,Burger King - Juárez,True,3.5,115,Family King PlusSabor para compartir en familia: 1 Whopper®,whopper,319.0,True,0.0,,13,13,319.0,0,,full,0,112.47
20260414_162204,2026-04-14T22:52:34.334555+00:00,rappi,gam,"Gran Canal 500, Casas Alemán, Gustavo A. Madero, CDMX",19.4836,-99.0921,low_income,GAM Norte,CDMX,Burger King - Juárez,True,3.5,115,Combo WhopperLa Burger que nunca pasa de moda. Tradicional W,combo_whopper,209.0,True,0.0,,13,13,209.0,0,,full,0,112.47
20260414_162204,2026-04-14T22:55:27.191148+00:00,rappi,ecatepec,"Av. Central 200, Ecatepec Centro, Ecatepec, Estado de México",19.6012,-99.044,low_income,Ecatepec (Edo. Méx.),Ecatepec,McDonald's - Juárez,True,3.7,270,Big Mac TocinoBig Mac Tocino$ 145.00,big_mac,145.0,True,0.0,,12,12,145.0,0,,full,0,122.32
20260414_162204,2026-04-14T22:55:27.191148+00:00,rappi,ecatepec,"Av. Central 200, Ecatepec Centro, Ecatepec, Estado de México",19.6012,-99.044,low_income,Ecatepec (Edo. Méx.),Ecatepec,McDonald's - Juárez,True,3.7,270,Big Mac Tocino + favoritosMcTrío Big Mac Tocino + Hamburgues,combo_big_mac,199.0,True,0.0,,12,12,199.0,0,,full,0,122.32
20260414_162204,2026-04-14T22:55:27.191148+00:00,rappi,ecatepec,"Av. Central 200, Ecatepec Centro, Ecatepec, Estado de México",19.6012,-99.044,low_income,Ecatepec (Edo. Méx.),Ecatepec,McDonald's - Juárez,True,3.7,270,Paquete BotaneroDisfruta tus partidos favoritos con 10 McNug,mcnuggets_10,149.0,True,0.0,,12,12,149.0,0,,full,0,122.32
20260414_162204,2026-04-14T22:57:29.542481+00:00,rappi,ecatepec,"Av. Central 200, Ecatepec Centro, Ecatepec, Estado de México",19.6012,-99.044,low_income,Ecatepec (Edo. Méx.),Ecatepec,Burger King - Juárez,True,3.5,115,Family King PlusSabor para compartir en familia: 1 Whopper®,whopper,319.0,True,0.0,,13,13,319.0,0,,full,0,111.19
20260414_162204,2026-04-14T22:57:29.542481+00:00,rappi,ecatepec,"Av. Central 200, Ecatepec Centro, Ecatepec, Estado de México",19.6012,-99.044,low_income,Ecatepec (Edo. Méx.),Ecatepec,Burger King - Juárez,True,3.5,115,Combo WhopperLa Burger que nunca pasa de moda. Tradicional W,combo_whopper,209.0,True,0.0,,13,13,209.0,0,,full,0,111.19
20260414_162204,2026-04-14T22:59:20.737048+00:00,rappi,satelite,"Blvd. Manuel Ávila Camacho 1500, Cd. Satélite, Naucalpan, Edo. Méx.",19.504,-99.233,low_income,Satélite (Edo. Méx.),Naucalpan,McDonald's - Juárez,True,3.7,270,Big Mac TocinoBig Mac Tocino$ 145.00,big_mac,145.0,True,0.0,,12,12,145.0,0,,full,0,113.55
20260414_162204,2026-04-14T22:59:20.737048+00:00,rappi,satelite,"Blvd. Manuel Ávila Camacho 1500, Cd. Satélite, Naucalpan, Edo. Méx.",19.504,-99.233,low_income,Satélite (Edo. Méx.),Naucalpan,McDonald's - Juárez,True,3.7,270,Big Mac Tocino + favoritosMcTrío Big Mac Tocino + Hamburgues,combo_big_mac,199.0,True,0.0,,12,12,199.0,0,,full,0,113.55
20260414_162204,2026-04-14T22:59:20.737048+00:00,rappi,satelite,"Blvd. Manuel Ávila Camacho 1500, Cd. Satélite, Naucalpan, Edo. Méx.",19.504,-99.233,low_income,Satélite (Edo. Méx.),Naucalpan,McDonald's - Juárez,True,3.7,270,Paquete BotaneroDisfruta tus partidos favoritos con 10 McNug,mcnuggets_10,149.0,True,0.0,,12,12,149.0,0,,full,0,113.55
20260414_162204,2026-04-14T23:01:14.296956+00:00,rappi,satelite,"Blvd. Manuel Ávila Camacho 1500, Cd. Satélite, Naucalpan, Edo. Méx.",19.504,-99.233,low_income,Satélite (Edo. Méx.),Naucalpan,Burger King - Juárez,True,3.5,115,Family King PlusSabor para compartir en familia: 1 Whopper®,whopper,319.0,True,0.0,,13,13,319.0,0,,full,0,113.38
20260414_162204,2026-04-14T23:01:14.296956+00:00,rappi,satelite,"Blvd. Manuel Ávila Camacho 1500, Cd. Satélite, Naucalpan, Edo. Méx.",19.504,-99.233,low_income,Satélite (Edo. Méx.),Naucalpan,Burger King - Juárez,True,3.5,115,Combo WhopperLa Burger que nunca pasa de moda. Tradicional W,combo_whopper,209.0,True,0.0,,13,13,209.0,0,,full,0,113.38
20260414_162204,2026-04-14T23:03:07.679127+00:00,rappi,reforma,"Av. Paseo de la Reforma 500, Juárez, Cuauhtémoc, CDMX",19.427,-99.1616,commercial,Reforma (Oficinas),CDMX,McDonald's - Juárez,True,3.7,270,Big Mac TocinoBig Mac Tocino$ 145.00,big_mac,145.0,True,0.0,,12,12,145.0,0,,full,0,114.27
20260414_162204,2026-04-14T23:03:07.679127+00:00,rappi,reforma,"Av. Paseo de la Reforma 500, Juárez, Cuauhtémoc, CDMX",19.427,-99.1616,commercial,Reforma (Oficinas),CDMX,McDonald's - Juárez,True,3.7,270,Big Mac Tocino + favoritosMcTrío Big Mac Tocino + Hamburgues,combo_big_mac,199.0,True,0.0,,12,12,199.0,0,,full,0,114.27
20260414_162204,2026-04-14T23:03:07.679127+00:00,rappi,reforma,"Av. Paseo de la Reforma 500, Juárez, Cuauhtémoc, CDMX",19.427,-99.1616,commercial,Reforma (Oficinas),CDMX,McDonald's - Juárez,True,3.7,270,Paquete BotaneroDisfruta tus partidos favoritos con 10 McNug,mcnuggets_10,149.0,True,0.0,,12,12,149.0,0,,full,0,114.27
20260414_162204,2026-04-14T23:05:01.947053+00:00,rappi,reforma,"Av. Paseo de la Reforma 500, Juárez, Cuauhtémoc, CDMX",19.427,-99.1616,commercial,Reforma (Oficinas),CDMX,Burger King - Juárez,True,3.5,115,Family King PlusSabor para compartir en familia: 1 Whopper®,whopper,319.0,True,0.0,,13,13,319.0,0,,full,0,110.19
20260414_162204,2026-04-14T23:05:01.947053+00:00,rappi,reforma,"Av. Paseo de la Reforma 500, Juárez, Cuauhtémoc, CDMX",19.427,-99.1616,commercial,Reforma (Oficinas),CDMX,Burger King - Juárez,True,3.5,115,Combo WhopperLa Burger que nunca pasa de moda. Tradicional W,combo_whopper,209.0,True,0.0,,13,13,209.0,0,,full,0,110.19
20260414_162204,2026-04-14T23:07:46.066385+00:00,rappi,centro,"Av. 5 de Febrero 100, Centro Histórico, Cuauhtémoc, CDMX",19.4326,-99.1332,commercial,Centro Histórico,CDMX,McDonald's - Juárez,True,3.7,270,Big Mac TocinoBig Mac Tocino$ 145.00,big_mac,145.0,True,0.0,,12,12,145.0,0,,full,0,126.84
20260414_162204,2026-04-14T23:07:46.066385+00:00,rappi,centro,"Av. 5 de Febrero 100, Centro Histórico, Cuauhtémoc, CDMX",19.4326,-99.1332,commercial,Centro Histórico,CDMX,McDonald's - Juárez,True,3.7,270,Big Mac Tocino + favoritosMcTrío Big Mac Tocino + Hamburgues,combo_big_mac,199.0,True,0.0,,12,12,199.0,0,,full,0,126.84
20260414_162204,2026-04-14T23:07:46.066385+00:00,rappi,centro,"Av. 5 de Febrero 100, Centro Histórico, Cuauhtémoc, CDMX",19.4326,-99.1332,commercial,Centro Histórico,CDMX,McDonald's - Juárez,True,3.7,270,Paquete BotaneroDisfruta tus partidos favoritos con 10 McNug,mcnuggets_10,149.0,True,0.0,,12,12,149.0,0,,full,0,126.84
20260414_162204,2026-04-14T23:09:52.904632+00:00,rappi,centro,"Av. 5 de Febrero 100, Centro Histórico, Cuauhtémoc, CDMX",19.4326,-99.1332,commercial,Centro Histórico,CDMX,Burger King - Juárez,True,3.5,115,Family King PlusSabor para compartir en familia: 1 Whopper®,whopper,319.0,True,0.0,,13,13,319.0,0,,full,0,111.62
20260414_162204,2026-04-14T23:09:52.904632+00:00,rappi,centro,"Av. 5 de Febrero 100, Centro Histórico, Cuauhtémoc, CDMX",19.4326,-99.1332,commercial,Centro Histórico,CDMX,Burger King - Juárez,True,3.5,115,Combo WhopperLa Burger que nunca pasa de moda. Tradicional W,combo_whopper,209.0,True,0.0,,13,13,209.0,0,,full,0,111.62
20260414_162204,2026-04-14T23:11:44.540542+00:00,rappi,chapultepec,"Av. Chapultepec 200, Juárez, Cuauhtémoc, CDMX",19.4235,-99.159,commercial,Chapultepec,CDMX,McDonald's - Juárez,True,3.7,270,Big Mac TocinoBig Mac Tocino$ 145.00,big_mac,145.0,True,0.0,,12,12,145.0,0,,full,0,107.79
20260414_162204,2026-04-14T23:11:44.540542+00:00,rappi,chapultepec,"Av. Chapultepec 200, Juárez, Cuauhtémoc, CDMX",19.4235,-99.159,commercial,Chapultepec,CDMX,McDonald's - Juárez,True,3.7,270,Big Mac Tocino + favoritosMcTrío Big Mac Tocino + Hamburgues,combo_big_mac,199.0,True,0.0,,12,12,199.0,0,,full,0,107.79
20260414_162204,2026-04-14T23:11:44.540542+00:00,rappi,chapultepec,"Av. Chapultepec 200, Juárez, Cuauhtémoc, CDMX",19.4235,-99.159,commercial,Chapultepec,CDMX,McDonald's - Juárez,True,3.7,270,Paquete BotaneroDisfruta tus partidos favoritos con 10 McNug,mcnuggets_10,149.0,True,0.0,,12,12,149.0,0,,full,0,107.79
20260414_162204,2026-04-14T23:13:32.327723+00:00,rappi,chapultepec,"Av. Chapultepec 200, Juárez, Cuauhtémoc, CDMX",19.4235,-99.159,commercial,Chapultepec,CDMX,Burger King - Juárez,True,3.5,115,Family King PlusSabor para compartir en familia: 1 Whopper®,whopper,319.0,True,0.0,,13,13,319.0,0,,full,0,111.03
20260414_162204,2026-04-14T23:13:32.327723+00:00,rappi,chapultepec,"Av. Chapultepec 200, Juárez, Cuauhtémoc, CDMX",19.4235,-99.159,commercial,Chapultepec,CDMX,Burger King - Juárez,True,3.5,115,Combo WhopperLa Burger que nunca pasa de moda. Tradicional W,combo_whopper,209.0,True,0.0,,13,13,209.0,0,,full,0,111.03
20260413_214009,2026-04-14T02:40:13.223157+00:00,ubereats,polanco,"Av. Presidente Masaryk 340, Polanco V Sección, Miguel Hidalgo, CDMX",19.4326,-99.1942,high_income,Polanco,CDMX,McDonald's Antara,True,4.5,15000.0,Big Mac,big_mac,125.0,True,0.0,,14.0,34.0,125.0,4,43%; 27%; 41%; 22%,full,0,64.33
20260413_214009,2026-04-14T02:40:13.223157+00:00,ubereats,polanco,"Av. Presidente Masaryk 340, Polanco V Sección, Miguel Hidalgo, CDMX",19.4326,-99.1942,high_income,Polanco,CDMX,McDonald's Antara,True,4.5,15000.0,McTrío Big Mac mediano+McFlurry Oreo,combo_big_mac,169.0,True,0.0,,14.0,34.0,169.0,4,43%; 27%; 41%; 22%,full,0,64.33
20260413_214009,2026-04-14T02:40:13.223157+00:00,ubereats,polanco,"Av. Presidente Masaryk 340, Polanco V Sección, Miguel Hidalgo, CDMX",19.4326,-99.1942,high_income,Polanco,CDMX,McDonald's Antara,True,4.5,15000.0,McTrio mediano McNuggets 10 pzas,mcnuggets_10,159.0,True,0.0,,14.0,34.0,159.0,4,43%; 27%; 41%; 22%,full,0,64.33
20260413_214009,2026-04-14T02:41:17.559673+00:00,ubereats,polanco,"Av. Presidente Masaryk 340, Polanco V Sección, Miguel Hidalgo, CDMX",19.4326,-99.1942,high_income,Polanco,CDMX,Burger King (Antara),True,4.4,7000.0,Combo Whopper,whopper,209.0,True,0.0,,12.0,32.0,209.0,6,26%; 20%; 27%; 47%; 22%; 42%,full,0,45.7
20260413_214009,2026-04-14T02:41:17.559673+00:00,ubereats,polanco,"Av. Presidente Masaryk 340, Polanco V Sección, Miguel Hidalgo, CDMX",19.4326,-99.1942,high_income,Polanco,CDMX,Burger King (Antara),True,4.4,7000.0,Combo Whopper,combo_whopper,209.0,True,0.0,,12.0,32.0,209.0,6,26%; 20%; 27%; 47%; 22%; 42%,full,0,45.7
20260413_214009,2026-04-14T02:42:03.261674+00:00,ubereats,santa_fe,"Av. Santa Fe 440, Santa Fe, Cuajimalpa, CDMX",19.3592,-99.2741,high_income,Santa Fe,CDMX,McDonald's Antara,True,4.5,15000.0,Big Mac,big_mac,125.0,True,0.0,,14.0,34.0,125.0,4,43%; 27%; 41%; 22%,full,0,52.73
20260413_214009,2026-04-14T02:42:03.261674+00:00,ubereats,santa_fe,"Av. Santa Fe 440, Santa Fe, Cuajimalpa, CDMX",19.3592,-99.2741,high_income,Santa Fe,CDMX,McDonald's Antara,True,4.5,15000.0,McTrío Big Mac mediano+McFlurry Oreo,combo_big_mac,169.0,True,0.0,,14.0,34.0,169.0,4,43%; 27%; 41%; 22%,full,0,52.73
20260413_214009,2026-04-14T02:42:03.261674+00:00,ubereats,santa_fe,"Av. Santa Fe 440, Santa Fe, Cuajimalpa, CDMX",19.3592,-99.2741,high_income,Santa Fe,CDMX,McDonald's Antara,True,4.5,15000.0,McTrio mediano McNuggets 10 pzas,mcnuggets_10,159.0,True,0.0,,14.0,34.0,159.0,4,43%; 27%; 41%; 22%,full,0,52.73
20260413_214009,2026-04-14T02:42:55.992587+00:00,ubereats,santa_fe,"Av. Santa Fe 440, Santa Fe, Cuajimalpa, CDMX",19.3592,-99.2741,high_income,Santa Fe,CDMX,Burger King (Antara),True,4.4,7000.0,Combo Whopper,whopper,209.0,True,0.0,,12.0,32.0,209.0,6,26%; 20%; 27%; 47%; 22%; 42%,full,0,44.49
20260413_214009,2026-04-14T02:42:55.992587+00:00,ubereats,santa_fe,"Av. Santa Fe 440, Santa Fe, Cuajimalpa, CDMX",19.3592,-99.2741,high_income,Santa Fe,CDMX,Burger King (Antara),True,4.4,7000.0,Combo Whopper,combo_whopper,209.0,True,0.0,,12.0,32.0,209.0,6,26%; 20%; 27%; 47%; 22%; 42%,full,0,44.49
20260413_214009,2026-04-14T02:43:40.488929+00:00,ubereats,condesa,"Ámsterdam 240, Hipódromo, Cuauhtémoc, CDMX",19.4113,-99.1722,high_income,Condesa,CDMX,McDonald's Antara,True,4.5,15000.0,Big Mac,big_mac,125.0,True,0.0,,14.0,34.0,125.0,4,43%; 27%; 41%; 22%,full,0,51.24
20260413_214009,2026-04-14T02:43:40.488929+00:00,ubereats,condesa,"Ámsterdam 240, Hipódromo, Cuauhtémoc, CDMX",19.4113,-99.1722,high_income,Condesa,CDMX,McDonald's Antara,True,4.5,15000.0,McTrío Big Mac mediano+McFlurry Oreo,combo_big_mac,169.0,True,0.0,,14.0,34.0,169.0,4,43%; 27%; 41%; 22%,full,0,51.24
20260413_214009,2026-04-14T02:43:40.488929+00:00,ubereats,condesa,"Ámsterdam 240, Hipódromo, Cuauhtémoc, CDMX",19.4113,-99.1722,high_income,Condesa,CDMX,McDonald's Antara,True,4.5,15000.0,McTrio mediano McNuggets 10 pzas,mcnuggets_10,159.0,True,0.0,,14.0,34.0,159.0,4,43%; 27%; 41%; 22%,full,0,51.24
20260413_214009,2026-04-14T02:44:31.732682+00:00,ubereats,condesa,"Ámsterdam 240, Hipódromo, Cuauhtémoc, CDMX",19.4113,-99.1722,high_income,Condesa,CDMX,Burger King (Antara),True,4.4,7000.0,Combo Whopper,whopper,209.0,True,0.0,,12.0,32.0,209.0,6,26%; 20%; 27%; 47%; 22%; 42%,full,0,46.48
20260413_214009,2026-04-14T02:44:31.732682+00:00,ubereats,condesa,"Ámsterdam 240, Hipódromo, Cuauhtémoc, CDMX",19.4113,-99.1722,high_income,Condesa,CDMX,Burger King (Antara),True,4.4,7000.0,Combo Whopper,combo_whopper,209.0,True,0.0,,12.0,32.0,209.0,6,26%; 20%; 27%; 47%; 22%; 42%,full,0,46.48
20260413_214009,2026-04-14T02:45:18.225082+00:00,ubereats,roma_norte,"Av. Álvaro Obregón 120, Roma Norte, Cuauhtémoc, CDMX",19.4195,-99.1619,high_income,Roma Norte,CDMX,McDonald's Antara,True,4.5,15000.0,Big Mac,big_mac,125.0,True,0.0,,14.0,34.0,125.0,4,43%; 27%; 41%; 22%,full,0,53.36
20260413_214009,2026-04-14T02:45:18.225082+00:00,ubereats,roma_norte,"Av. Álvaro Obregón 120, Roma Norte, Cuauhtémoc, CDMX",19.4195,-99.1619,high_income,Roma Norte,CDMX,McDonald's Antara,True,4.5,15000.0,McTrío Big Mac mediano+McFlurry Oreo,combo_big_mac,169.0,True,0.0,,14.0,34.0,169.0,4,43%; 27%; 41%; 22%,full,0,53.36
20260413_214009,2026-04-14T02:45:18.225082+00:00,ubereats,roma_norte,"Av. Álvaro Obregón 120, Roma Norte, Cuauhtémoc, CDMX",19.4195,-99.1619,high_income,Roma Norte,CDMX,McDonald's Antara,True,4.5,15000.0,McTrio mediano McNuggets 10 pzas,mcnuggets_10,159.0,True,0.0,,14.0,34.0,159.0,4,43%; 27%; 41%; 22%,full,0,53.36
20260413_214009,2026-04-14T02:46:11.588879+00:00,ubereats,roma_norte,"Av. Álvaro Obregón 120, Roma Norte, Cuauhtémoc, CDMX",19.4195,-99.1619,high_income,Roma Norte,CDMX,Burger King (Antara),True,4.4,7000.0,Combo Whopper,whopper,209.0,True,0.0,,12.0,32.0,209.0,6,26%; 20%; 27%; 47%; 22%; 42%,full,0,46.16
20260413_214009,2026-04-14T02:46:11.588879+00:00,ubereats,roma_norte,"Av. Álvaro Obregón 120, Roma Norte, Cuauhtémoc, CDMX",19.4195,-99.1619,high_income,Roma Norte,CDMX,Burger King (Antara),True,4.4,7000.0,Combo Whopper,combo_whopper,209.0,True,0.0,,12.0,32.0,209.0,6,26%; 20%; 27%; 47%; 22%; 42%,full,0,46.16
20260413_214009,2026-04-14T02:46:57.745584+00:00,ubereats,lomas,"Blvd. Manuel Ávila Camacho 40, Lomas de Chapultepec, Miguel Hidalgo, CDMX",19.4251,-99.2117,high_income,Lomas de Chapultepec,CDMX,McDonald's Antara,True,4.5,15000.0,Big Mac,big_mac,125.0,True,0.0,,14.0,34.0,125.0,4,43%; 27%; 41%; 22%,full,0,45.95
20260413_214009,2026-04-14T02:46:57.745584+00:00,ubereats,lomas,"Blvd. Manuel Ávila Camacho 40, Lomas de Chapultepec, Miguel Hidalgo, CDMX",19.4251,-99.2117,high_income,Lomas de Chapultepec,CDMX,McDonald's Antara,True,4.5,15000.0,McTrío Big Mac mediano+McFlurry Oreo,combo_big_mac,169.0,True,0.0,,14.0,34.0,169.0,4,43%; 27%; 41%; 22%,full,0,45.95
20260413_214009,2026-04-14T02:46:57.745584+00:00,ubereats,lomas,"Blvd. Manuel Ávila Camacho 40, Lomas de Chapultepec, Miguel Hidalgo, CDMX",19.4251,-99.2117,high_income,Lomas de Chapultepec,CDMX,McDonald's Antara,True,4.5,15000.0,McTrio mediano McNuggets 10 pzas,mcnuggets_10,159.0,True,0.0,,14.0,34.0,159.0,4,43%; 27%; 41%; 22%,full,0,45.95
20260413_214009,2026-04-14T02:47:43.699849+00:00,ubereats,lomas,"Blvd. Manuel Ávila Camacho 40, Lomas de Chapultepec, Miguel Hidalgo, CDMX",19.4251,-99.2117,high_income,Lomas de Chapultepec,CDMX,Burger King (Antara),True,4.4,7000.0,Combo Whopper,whopper,209.0,True,0.0,,12.0,32.0,209.0,6,26%; 20%; 27%; 47%; 22%; 42%,full,0,46.98
20260413_214009,2026-04-14T02:47:43.699849+00:00,ubereats,lomas,"Blvd. Manuel Ávila Camacho 40, Lomas de Chapultepec, Miguel Hidalgo, CDMX",19.4251,-99.2117,high_income,Lomas de Chapultepec,CDMX,Burger King (Antara),True,4.4,7000.0,Combo Whopper,combo_whopper,209.0,True,0.0,,12.0,32.0,209.0,6,26%; 20%; 27%; 47%; 22%; 42%,full,0,46.98
20260413_214009,2026-04-14T02:49:35.435154+00:00,ubereats,del_valle,"Av. Universidad 1200, Del Valle Centro, Benito Juárez, CDMX",19.3846,-99.1736,medium_high_income,Del Valle,CDMX,McDonald's Dummy Oaxaca,True,,1.0,Big Mac®,big_mac,96.0,True,0.0,,77.0,77.0,96.0,0,,partial,2,61.36
20260413_214009,2026-04-14T02:50:36.798417+00:00,ubereats,del_valle,"Av. Universidad 1200, Del Valle Centro, Benito Juárez, CDMX",19.3846,-99.1736,medium_high_income,Del Valle,CDMX,Burger King (Universidad),True,4.6,10000.0,Combo Whopper,whopper,209.0,True,0.0,,10.0,10.0,209.0,7,20%; 26%; 27%; 22%; 47%; 42%; 31%,full,0,41.47
20260413_214009,2026-04-14T02:50:36.798417+00:00,ubereats,del_valle,"Av. Universidad 1200, Del Valle Centro, Benito Juárez, CDMX",19.3846,-99.1736,medium_high_income,Del Valle,CDMX,Burger King (Universidad),True,4.6,10000.0,Combo Whopper,combo_whopper,209.0,True,0.0,,10.0,10.0,209.0,7,20%; 26%; 27%; 22%; 47%; 42%; 31%,full,0,41.47
20260413_214009,2026-04-14T02:51:18.270699+00:00,ubereats,del_valle_sur,"Av. Coyoacán 1500, Del Valle Sur, Benito Juárez, CDMX",19.3723,-99.1667,medium_high_income,Del Valle Sur,CDMX,McDonald's Dummy Oaxaca,True,,1.0,Big Mac®,big_mac,96.0,True,0.0,,60.0,60.0,96.0,0,,partial,2,50.2
20260413_214009,2026-04-14T02:52:08.474634+00:00,ubereats,del_valle_sur,"Av. Coyoacán 1500, Del Valle Sur, Benito Juárez, CDMX",19.3723,-99.1667,medium_high_income,Del Valle Sur,CDMX,Burger King (Universidad),True,4.6,10000.0,Combo Whopper,whopper,209.0,True,0.0,,11.0,11.0,209.0,7,20%; 26%; 27%; 22%; 47%; 42%; 31%,full,0,45.31
20260413_214009,2026-04-14T02:52:08.474634+00:00,ubereats,del_valle_sur,"Av. Coyoacán 1500, Del Valle Sur, Benito Juárez, CDMX",19.3723,-99.1667,medium_high_income,Del Valle Sur,CDMX,Burger King (Universidad),True,4.6,10000.0,Combo Whopper,combo_whopper,209.0,True,0.0,,11.0,11.0,209.0,7,20%; 26%; 27%; 22%; 47%; 42%; 31%,full,0,45.31
20260413_214009,2026-04-14T02:52:53.785544+00:00,ubereats,country_club,"Calz. de Tlalpan 2000, Country Club, Coyoacán, CDMX",19.3594,-99.1534,medium_high_income,Coyoacán,CDMX,McDonald's Dummy Oaxaca,True,,1.0,Big Mac®,big_mac,96.0,True,0.0,,60.0,60.0,96.0,0,,partial,2,55.11
20260413_214009,2026-04-14T02:53:48.892931+00:00,ubereats,country_club,"Calz. de Tlalpan 2000, Country Club, Coyoacán, CDMX",19.3594,-99.1534,medium_high_income,Coyoacán,CDMX,Burger King (Universidad),True,4.6,10000.0,Combo Whopper,whopper,209.0,True,0.0,,11.0,11.0,209.0,7,20%; 26%; 27%; 22%; 47%; 42%; 31%,full,0,44.91
20260413_214009,2026-04-14T02:53:48.892931+00:00,ubereats,country_club,"Calz. de Tlalpan 2000, Country Club, Coyoacán, CDMX",19.3594,-99.1534,medium_high_income,Coyoacán,CDMX,Burger King (Universidad),True,4.6,10000.0,Combo Whopper,combo_whopper,209.0,True,0.0,,11.0,11.0,209.0,7,20%; 26%; 27%; 22%; 47%; 42%; 31%,full,0,44.91
20260413_214009,2026-04-14T02:54:33.804568+00:00,ubereats,florida,"Insurgentes Sur 1800, Florida, Álvaro Obregón, CDMX",19.3645,-99.1871,medium_high_income,Insurgentes Sur,CDMX,McDonald's Dummy Oaxaca,True,,1.0,Big Mac®,big_mac,96.0,True,0.0,,60.0,60.0,96.0,0,,partial,2,49.41
20260413_214009,2026-04-14T02:55:23.219691+00:00,ubereats,florida,"Insurgentes Sur 1800, Florida, Álvaro Obregón, CDMX",19.3645,-99.1871,medium_high_income,Insurgentes Sur,CDMX,Burger King (Universidad),True,4.6,10000.0,Combo Whopper,whopper,209.0,True,0.0,,11.0,11.0,209.0,7,20%; 26%; 27%; 22%; 47%; 42%; 31%,full,0,45.4
20260413_214009,2026-04-14T02:55:23.219691+00:00,ubereats,florida,"Insurgentes Sur 1800, Florida, Álvaro Obregón, CDMX",19.3645,-99.1871,medium_high_income,Insurgentes Sur,CDMX,Burger King (Universidad),True,4.6,10000.0,Combo Whopper,combo_whopper,209.0,True,0.0,,11.0,11.0,209.0,7,20%; 26%; 27%; 22%; 47%; 42%; 31%,full,0,45.4
20260413_214009,2026-04-14T02:56:08.618170+00:00,ubereats,mixcoac,"Av. Revolución 1300, Mixcoac, Benito Juárez, CDMX",19.3768,-99.1872,medium_high_income,Mixcoac,CDMX,McDonald's Dummy Oaxaca,True,,1.0,Big Mac®,big_mac,96.0,True,0.0,,60.0,60.0,96.0,0,,partial,2,44.81
20260413_214009,2026-04-14T02:56:53.427201+00:00,ubereats,mixcoac,"Av. Revolución 1300, Mixcoac, Benito Juárez, CDMX",19.3768,-99.1872,medium_high_income,Mixcoac,CDMX,Burger King (Universidad),True,4.6,10000.0,Combo Whopper,whopper,209.0,True,0.0,,11.0,11.0,209.0,7,20%; 26%; 27%; 22%; 47%; 42%; 31%,full,0,41.41
20260413_214009,2026-04-14T02:56:53.427201+00:00,ubereats,mixcoac,"Av. Revolución 1300, Mixcoac, Benito Juárez, CDMX",19.3768,-99.1872,medium_high_income,Mixcoac,CDMX,Burger King (Universidad),True,4.6,10000.0,Combo Whopper,combo_whopper,209.0,True,0.0,,11.0,11.0,209.0,7,20%; 26%; 27%; 22%; 47%; 42%; 31%,full,0,41.41
20260413_214009,2026-04-14T02:58:45.250491+00:00,ubereats,narvarte,"Eje Central 500, Narvarte Poniente, Benito Juárez, CDMX",19.396,-99.1496,medium_income,Narvarte,CDMX,McDonald's Dummy Oaxaca,True,,1.0,Big Mac®,big_mac,96.0,True,0.0,,82.0,97.0,96.0,0,,partial,2,56.94
20260413_214009,2026-04-14T02:59:42.193853+00:00,ubereats,narvarte,"Eje Central 500, Narvarte Poniente, Benito Juárez, CDMX",19.396,-99.1496,medium_income,Narvarte,CDMX,Burger King (Tlalpan),True,4.4,10000.0,Combo Whopper,whopper,209.0,True,0.0,,10.0,26.0,209.0,7,20%; 26%; 27%; 47%; 22%; 42%; 40%,full,0,44.54
20260413_214009,2026-04-14T02:59:42.193853+00:00,ubereats,narvarte,"Eje Central 500, Narvarte Poniente, Benito Juárez, CDMX",19.396,-99.1496,medium_income,Narvarte,CDMX,Burger King (Tlalpan),True,4.4,10000.0,Combo Whopper,combo_whopper,209.0,True,0.0,,10.0,26.0,209.0,7,20%; 26%; 27%; 47%; 22%; 42%; 40%,full,0,44.54
20260413_214009,2026-04-14T03:00:26.745554+00:00,ubereats,narvarte_ote,"Av. Cuauhtémoc 800, Narvarte Oriente, Benito Juárez, CDMX",19.3915,-99.144,medium_income,Narvarte Oriente,CDMX,McDonald's Dummy Oaxaca,True,,1.0,Big Mac®,big_mac,96.0,True,0.0,,51.0,67.0,96.0,0,,partial,2,49.74
20260413_214009,2026-04-14T03:01:16.485980+00:00,ubereats,narvarte_ote,"Av. Cuauhtémoc 800, Narvarte Oriente, Benito Juárez, CDMX",19.3915,-99.144,medium_income,Narvarte Oriente,CDMX,Burger King (Tlalpan),True,4.4,10000.0,Combo Whopper,whopper,209.0,True,0.0,,10.0,25.0,209.0,7,20%; 26%; 27%; 47%; 22%; 42%; 40%,full,0,47.21
20260413_214009,2026-04-14T03:01:16.485980+00:00,ubereats,narvarte_ote,"Av. Cuauhtémoc 800, Narvarte Oriente, Benito Juárez, CDMX",19.3915,-99.144,medium_income,Narvarte Oriente,CDMX,Burger King (Tlalpan),True,4.4,10000.0,Combo Whopper,combo_whopper,209.0,True,0.0,,10.0,25.0,209.0,7,20%; 26%; 27%; 47%; 22%; 42%; 40%,full,0,47.21
20260413_214009,2026-04-14T03:05:43.046419+00:00,ubereats,agricola_oriental,"Calz. Ignacio Zaragoza 600, Agrícola Oriental, Iztacalco, CDMX",19.3965,-99.0863,medium_income,Agrícola Oriental,CDMX,McDonald's Dummy Oaxaca,True,,1.0,Big Mac®,big_mac,96.0,True,0.0,,51.0,67.0,96.0,0,,partial,2,43.91
20260413_214009,2026-04-14T03:06:26.959674+00:00,ubereats,agricola_oriental,"Calz. Ignacio Zaragoza 600, Agrícola Oriental, Iztacalco, CDMX",19.3965,-99.0863,medium_income,Agrícola Oriental,CDMX,Burger King (Tlalpan),True,4.4,10000.0,Combo Whopper,whopper,209.0,True,0.0,,10.0,25.0,209.0,7,20%; 26%; 27%; 47%; 22%; 42%; 40%,full,0,41.56
20260413_214009,2026-04-14T03:06:26.959674+00:00,ubereats,agricola_oriental,"Calz. Ignacio Zaragoza 600, Agrícola Oriental, Iztacalco, CDMX",19.3965,-99.0863,medium_income,Agrícola Oriental,CDMX,Burger King (Tlalpan),True,4.4,10000.0,Combo Whopper,combo_whopper,209.0,True,0.0,,10.0,25.0,209.0,7,20%; 26%; 27%; 47%; 22%; 42%; 40%,full,0,41.56
20260413_214009,2026-04-14T03:07:08.520108+00:00,ubereats,letran_valle,"Eje 5 Sur 300, Letrán Valle, Benito Juárez, CDMX",19.375,-99.157,medium_income,Letrán Valle,CDMX,McDonald's Dummy Oaxaca,True,,1.0,Big Mac®,big_mac,96.0,True,0.0,,51.0,67.0,96.0,0,,partial,2,46.68
20260413_214009,2026-04-14T03:07:55.205253+00:00,ubereats,letran_valle,"Eje 5 Sur 300, Letrán Valle, Benito Juárez, CDMX",19.375,-99.157,medium_income,Letrán Valle,CDMX,Burger King (Tlalpan),True,4.4,10000.0,Combo Whopper,whopper,209.0,True,0.0,,10.0,25.0,209.0,7,20%; 26%; 27%; 47%; 22%; 42%; 40%,full,0,42.88
20260413_214009,2026-04-14T03:07:55.205253+00:00,ubereats,letran_valle,"Eje 5 Sur 300, Letrán Valle, Benito Juárez, CDMX",19.375,-99.157,medium_income,Letrán Valle,CDMX,Burger King (Tlalpan),True,4.4,10000.0,Combo Whopper,combo_whopper,209.0,True,0.0,,10.0,25.0,209.0,7,20%; 26%; 27%; 47%; 22%; 42%; 40%,full,0,42.88
20260413_214009,2026-04-14T03:08:38.087415+00:00,ubereats,tacuba,"Calz. México-Tacuba 500, Tacuba, Miguel Hidalgo, CDMX",19.452,-99.18,medium_income,Tacuba,CDMX,McDonald's Dummy Oaxaca,True,,1.0,Big Mac®,big_mac,96.0,True,0.0,,51.0,67.0,96.0,0,,partial,2,45.79
20260413_214009,2026-04-14T03:09:23.874097+00:00,ubereats,tacuba,"Calz. México-Tacuba 500, Tacuba, Miguel Hidalgo, CDMX",19.452,-99.18,medium_income,Tacuba,CDMX,Burger King (Tlalpan),True,4.4,10000.0,Combo Whopper,whopper,209.0,True,0.0,,10.0,24.0,209.0,7,20%; 26%; 27%; 47%; 22%; 42%; 40%,full,0,38.94
20260413_214009,2026-04-14T03:09:23.874097+00:00,ubereats,tacuba,"Calz. México-Tacuba 500, Tacuba, Miguel Hidalgo, CDMX",19.452,-99.18,medium_income,Tacuba,CDMX,Burger King (Tlalpan),True,4.4,10000.0,Combo Whopper,combo_whopper,209.0,True,0.0,,10.0,24.0,209.0,7,20%; 26%; 27%; 47%; 22%; 42%; 40%,full,0,38.94
20260413_214009,2026-04-14T03:11:03.038147+00:00,ubereats,iztapalapa,"Av. Ermita Iztapalapa 3000, Santa Cruz Meyehualco, Iztapalapa, CDMX",19.3579,-99.052,low_income,Iztapalapa,CDMX,McDonald's  (Ermita San Miguel 2),True,4.5,1000.0,Big Mac,big_mac,125.0,True,0.0,,13.0,33.0,125.0,5,43%; 22%; 41%; 19%; 27%,full,0,59.73
20260413_214009,2026-04-14T03:11:03.038147+00:00,ubereats,iztapalapa,"Av. Ermita Iztapalapa 3000, Santa Cruz Meyehualco, Iztapalapa, CDMX",19.3579,-99.052,low_income,Iztapalapa,CDMX,McDonald's  (Ermita San Miguel 2),True,4.5,1000.0,McTrío Big Mac mediano+McFlurry Oreo,combo_big_mac,169.0,True,0.0,,13.0,33.0,169.0,5,43%; 22%; 41%; 19%; 27%,full,0,59.73
20260413_214009,2026-04-14T03:11:03.038147+00:00,ubereats,iztapalapa,"Av. Ermita Iztapalapa 3000, Santa Cruz Meyehualco, Iztapalapa, CDMX",19.3579,-99.052,low_income,Iztapalapa,CDMX,McDonald's  (Ermita San Miguel 2),True,4.5,1000.0,McTrio mediano McNuggets 10 pzas,mcnuggets_10,159.0,True,0.0,,13.0,33.0,159.0,5,43%; 22%; 41%; 19%; 27%,full,0,59.73
20260413_214009,2026-04-14T03:12:02.771212+00:00,ubereats,iztapalapa,"Av. Ermita Iztapalapa 3000, Santa Cruz Meyehualco, Iztapalapa, CDMX",19.3579,-99.052,low_income,Iztapalapa,CDMX,Burger King (Ermita),True,4.4,9000.0,Combo Whopper,whopper,209.0,True,0.0,,17.0,37.0,209.0,6,22%; 26%; 47%; 27%; 20%; 42%,full,0,44.0
20260413_214009,2026-04-14T03:12:02.771212+00:00,ubereats,iztapalapa,"Av. Ermita Iztapalapa 3000, Santa Cruz Meyehualco, Iztapalapa, CDMX",19.3579,-99.052,low_income,Iztapalapa,CDMX,Burger King (Ermita),True,4.4,9000.0,Combo Whopper,combo_whopper,209.0,True,0.0,,17.0,37.0,209.0,6,22%; 26%; 47%; 27%; 20%; 42%,full,0,44.0
20260413_214009,2026-04-14T03:12:46.769448+00:00,ubereats,tlahuac,"Av. Tláhuac 4000, Santiago Acahualtepec, Iztapalapa, CDMX",19.335,-99.03,low_income,Tláhuac / Sur-Oriente,CDMX,McDonald's  (Ermita San Miguel 2),True,4.5,1000.0,Big Mac,big_mac,125.0,True,0.0,,13.0,33.0,125.0,5,43%; 22%; 41%; 19%; 27%,full,0,47.5
20260413_214009,2026-04-14T03:12:46.769448+00:00,ubereats,tlahuac,"Av. Tláhuac 4000, Santiago Acahualtepec, Iztapalapa, CDMX",19.335,-99.03,low_income,Tláhuac / Sur-Oriente,CDMX,McDonald's  (Ermita San Miguel 2),True,4.5,1000.0,McTrío Big Mac mediano+McFlurry Oreo,combo_big_mac,169.0,True,0.0,,13.0,33.0,169.0,5,43%; 22%; 41%; 19%; 27%,full,0,47.5
20260413_214009,2026-04-14T03:12:46.769448+00:00,ubereats,tlahuac,"Av. Tláhuac 4000, Santiago Acahualtepec, Iztapalapa, CDMX",19.335,-99.03,low_income,Tláhuac / Sur-Oriente,CDMX,McDonald's  (Ermita San Miguel 2),True,4.5,1000.0,McTrio mediano McNuggets 10 pzas,mcnuggets_10,159.0,True,0.0,,13.0,33.0,159.0,5,43%; 22%; 41%; 19%; 27%,full,0,47.5
20260413_214009,2026-04-14T03:13:34.272479+00:00,ubereats,tlahuac,"Av. Tláhuac 4000, Santiago Acahualtepec, Iztapalapa, CDMX",19.335,-99.03,low_income,Tláhuac / Sur-Oriente,CDMX,Burger King (Ermita),True,4.4,9000.0,Combo Whopper,whopper,209.0,True,0.0,,17.0,37.0,209.0,6,22%; 26%; 47%; 27%; 20%; 42%,full,0,39.26
20260413_214009,2026-04-14T03:13:34.272479+00:00,ubereats,tlahuac,"Av. Tláhuac 4000, Santiago Acahualtepec, Iztapalapa, CDMX",19.335,-99.03,low_income,Tláhuac / Sur-Oriente,CDMX,Burger King (Ermita),True,4.4,9000.0,Combo Whopper,combo_whopper,209.0,True,0.0,,17.0,37.0,209.0,6,22%; 26%; 47%; 27%; 20%; 42%,full,0,39.26
20260413_214009,2026-04-14T03:14:13.532457+00:00,ubereats,gam,"Gran Canal 500, Casas Alemán, Gustavo A. Madero, CDMX",19.4836,-99.0921,low_income,GAM Norte,CDMX,McDonald's  (Ermita San Miguel 2),True,4.5,1000.0,Big Mac,big_mac,125.0,True,0.0,,13.0,33.0,125.0,5,43%; 22%; 41%; 19%; 27%,full,0,47.13
20260413_214009,2026-04-14T03:14:13.532457+00:00,ubereats,gam,"Gran Canal 500, Casas Alemán, Gustavo A. Madero, CDMX",19.4836,-99.0921,low_income,GAM Norte,CDMX,McDonald's  (Ermita San Miguel 2),True,4.5,1000.0,McTrío Big Mac mediano+McFlurry Oreo,combo_big_mac,169.0,True,0.0,,13.0,33.0,169.0,5,43%; 22%; 41%; 19%; 27%,full,0,47.13
20260413_214009,2026-04-14T03:14:13.532457+00:00,ubereats,gam,"Gran Canal 500, Casas Alemán, Gustavo A. Madero, CDMX",19.4836,-99.0921,low_income,GAM Norte,CDMX,McDonald's  (Ermita San Miguel 2),True,4.5,1000.0,McTrio mediano McNuggets 10 pzas,mcnuggets_10,159.0,True,0.0,,13.0,33.0,159.0,5,43%; 22%; 41%; 19%; 27%,full,0,47.13
20260413_214009,2026-04-14T03:15:00.738171+00:00,ubereats,gam,"Gran Canal 500, Casas Alemán, Gustavo A. Madero, CDMX",19.4836,-99.0921,low_income,GAM Norte,CDMX,Burger King (Ermita),True,4.4,9000.0,Combo Whopper,whopper,209.0,True,0.0,,17.0,37.0,209.0,6,22%; 26%; 47%; 27%; 20%; 42%,full,0,40.03
20260413_214009,2026-04-14T03:15:00.738171+00:00,ubereats,gam,"Gran Canal 500, Casas Alemán, Gustavo A. Madero, CDMX",19.4836,-99.0921,low_income,GAM Norte,CDMX,Burger King (Ermita),True,4.4,9000.0,Combo Whopper,combo_whopper,209.0,True,0.0,,17.0,37.0,209.0,6,22%; 26%; 47%; 27%; 20%; 42%,full,0,40.03
20260413_214009,2026-04-14T03:15:40.764486+00:00,ubereats,ecatepec,"Av. Central 200, Ecatepec Centro, Ecatepec, Estado de México",19.6012,-99.044,low_income,Ecatepec (Edo. Méx.),Ecatepec,McDonald's  (Ermita San Miguel 2),True,4.5,1000.0,Big Mac,big_mac,125.0,True,0.0,,13.0,33.0,125.0,5,43%; 22%; 41%; 19%; 27%,full,0,51.23
20260413_214009,2026-04-14T03:15:40.764486+00:00,ubereats,ecatepec,"Av. Central 200, Ecatepec Centro, Ecatepec, Estado de México",19.6012,-99.044,low_income,Ecatepec (Edo. Méx.),Ecatepec,McDonald's  (Ermita San Miguel 2),True,4.5,1000.0,McTrío Big Mac mediano+McFlurry Oreo,combo_big_mac,169.0,True,0.0,,13.0,33.0,169.0,5,43%; 22%; 41%; 19%; 27%,full,0,51.23
20260413_214009,2026-04-14T03:15:40.764486+00:00,ubereats,ecatepec,"Av. Central 200, Ecatepec Centro, Ecatepec, Estado de México",19.6012,-99.044,low_income,Ecatepec (Edo. Méx.),Ecatepec,McDonald's  (Ermita San Miguel 2),True,4.5,1000.0,McTrio mediano McNuggets 10 pzas,mcnuggets_10,159.0,True,0.0,,13.0,33.0,159.0,5,43%; 22%; 41%; 19%; 27%,full,0,51.23
20260413_214009,2026-04-14T03:24:22.786665+00:00,ubereats,satelite,"Blvd. Manuel Ávila Camacho 1500, Cd. Satélite, Naucalpan, Edo. Méx.",19.504,-99.233,low_income,Satélite (Edo. Méx.),Naucalpan,McDonald's  (Ermita San Miguel 2),True,4.5,1000.0,Big Mac,big_mac,125.0,True,0.0,,13.0,33.0,125.0,5,43%; 22%; 41%; 19%; 27%,full,0,48.62
20260413_214009,2026-04-14T03:24:22.786665+00:00,ubereats,satelite,"Blvd. Manuel Ávila Camacho 1500, Cd. Satélite, Naucalpan, Edo. Méx.",19.504,-99.233,low_income,Satélite (Edo. Méx.),Naucalpan,McDonald's  (Ermita San Miguel 2),True,4.5,1000.0,McTrío Big Mac mediano+McFlurry Oreo,combo_big_mac,169.0,True,0.0,,13.0,33.0,169.0,5,43%; 22%; 41%; 19%; 27%,full,0,48.62
20260413_214009,2026-04-14T03:24:22.786665+00:00,ubereats,satelite,"Blvd. Manuel Ávila Camacho 1500, Cd. Satélite, Naucalpan, Edo. Méx.",19.504,-99.233,low_income,Satélite (Edo. Méx.),Naucalpan,McDonald's  (Ermita San Miguel 2),True,4.5,1000.0,McTrio mediano McNuggets 10 pzas,mcnuggets_10,159.0,True,0.0,,13.0,33.0,159.0,5,43%; 22%; 41%; 19%; 27%,full,0,48.62
20260413_214009,2026-04-14T03:25:11.416588+00:00,ubereats,satelite,"Blvd. Manuel Ávila Camacho 1500, Cd. Satélite, Naucalpan, Edo. Méx.",19.504,-99.233,low_income,Satélite (Edo. Méx.),Naucalpan,Burger King (Ermita),True,4.4,9000.0,Combo Whopper,whopper,209.0,True,0.0,,17.0,37.0,209.0,6,22%; 26%; 47%; 27%; 20%; 42%,full,0,41.74
20260413_214009,2026-04-14T03:25:11.416588+00:00,ubereats,satelite,"Blvd. Manuel Ávila Camacho 1500, Cd. Satélite, Naucalpan, Edo. Méx.",19.504,-99.233,low_income,Satélite (Edo. Méx.),Naucalpan,Burger King (Ermita),True,4.4,9000.0,Combo Whopper,combo_whopper,209.0,True,0.0,,17.0,37.0,209.0,6,22%; 26%; 47%; 27%; 20%; 42%,full,0,41.74
20260413_214009,2026-04-14T03:26:46.879917+00:00,ubereats,reforma,"Av. Paseo de la Reforma 500, Juárez, Cuauhtémoc, CDMX",19.427,-99.1616,commercial,Reforma (Oficinas),CDMX,McDonald's Zona Rosa,True,4.6,20000.0,Big Mac,big_mac,125.0,True,0.0,,11.0,29.0,125.0,4,27%; 43%; 22%; 41%,full,0,62.1
20260413_214009,2026-04-14T03:26:46.879917+00:00,ubereats,reforma,"Av. Paseo de la Reforma 500, Juárez, Cuauhtémoc, CDMX",19.427,-99.1616,commercial,Reforma (Oficinas),CDMX,McDonald's Zona Rosa,True,4.6,20000.0,McTrío Big Mac mediano+McFlurry Oreo,combo_big_mac,169.0,True,0.0,,11.0,29.0,169.0,4,27%; 43%; 22%; 41%,full,0,62.1
20260413_214009,2026-04-14T03:26:46.879917+00:00,ubereats,reforma,"Av. Paseo de la Reforma 500, Juárez, Cuauhtémoc, CDMX",19.427,-99.1616,commercial,Reforma (Oficinas),CDMX,McDonald's Zona Rosa,True,4.6,20000.0,McTrio mediano McNuggets 10 pzas,mcnuggets_10,159.0,True,0.0,,11.0,29.0,159.0,4,27%; 43%; 22%; 41%,full,0,62.1
20260413_214009,2026-04-14T03:27:48.988605+00:00,ubereats,reforma,"Av. Paseo de la Reforma 500, Juárez, Cuauhtémoc, CDMX",19.427,-99.1616,commercial,Reforma (Oficinas),CDMX,Burger King (Genova),True,4.3,10000.0,Combo Whopper,whopper,209.0,True,0.0,,10.0,27.0,209.0,7,20%; 26%; 27%; 47%; 22%; 42%; 40%,full,0,44.13
20260413_214009,2026-04-14T03:27:48.988605+00:00,ubereats,reforma,"Av. Paseo de la Reforma 500, Juárez, Cuauhtémoc, CDMX",19.427,-99.1616,commercial,Reforma (Oficinas),CDMX,Burger King (Genova),True,4.3,10000.0,Combo Whopper,combo_whopper,209.0,True,0.0,,10.0,27.0,209.0,7,20%; 26%; 27%; 47%; 22%; 42%; 40%,full,0,44.13
20260413_214009,2026-04-14T03:28:33.120170+00:00,ubereats,centro,"Av. 5 de Febrero 100, Centro Histórico, Cuauhtémoc, CDMX",19.4326,-99.1332,commercial,Centro Histórico,CDMX,McDonald's Zona Rosa,True,4.6,20000.0,Big Mac,big_mac,125.0,True,0.0,,11.0,29.0,125.0,4,27%; 43%; 22%; 41%,full,0,46.97
20260413_214009,2026-04-14T03:28:33.120170+00:00,ubereats,centro,"Av. 5 de Febrero 100, Centro Histórico, Cuauhtémoc, CDMX",19.4326,-99.1332,commercial,Centro Histórico,CDMX,McDonald's Zona Rosa,True,4.6,20000.0,McTrío Big Mac mediano+McFlurry Oreo,combo_big_mac,169.0,True,0.0,,11.0,29.0,169.0,4,27%; 43%; 22%; 41%,full,0,46.97
20260413_214009,2026-04-14T03:28:33.120170+00:00,ubereats,centro,"Av. 5 de Febrero 100, Centro Histórico, Cuauhtémoc, CDMX",19.4326,-99.1332,commercial,Centro Histórico,CDMX,McDonald's Zona Rosa,True,4.6,20000.0,McTrio mediano McNuggets 10 pzas,mcnuggets_10,159.0,True,0.0,,11.0,29.0,159.0,4,27%; 43%; 22%; 41%,full,0,46.97
20260413_214009,2026-04-14T03:29:20.089743+00:00,ubereats,centro,"Av. 5 de Febrero 100, Centro Histórico, Cuauhtémoc, CDMX",19.4326,-99.1332,commercial,Centro Histórico,CDMX,Burger King (Genova),True,4.3,10000.0,Combo Whopper,whopper,209.0,True,0.0,,10.0,27.0,209.0,7,20%; 26%; 27%; 47%; 22%; 42%; 40%,full,0,41.85
20260413_214009,2026-04-14T03:29:20.089743+00:00,ubereats,centro,"Av. 5 de Febrero 100, Centro Histórico, Cuauhtémoc, CDMX",19.4326,-99.1332,commercial,Centro Histórico,CDMX,Burger King (Genova),True,4.3,10000.0,Combo Whopper,combo_whopper,209.0,True,0.0,,10.0,27.0,209.0,7,20%; 26%; 27%; 47%; 22%; 42%; 40%,full,0,41.85
20260413_214009,2026-04-14T03:30:01.946830+00:00,ubereats,chapultepec,"Av. Chapultepec 200, Juárez, Cuauhtémoc, CDMX",19.4235,-99.159,commercial,Chapultepec,CDMX,McDonald's Zona Rosa,True,4.6,20000.0,Big Mac,big_mac,125.0,True,0.0,,11.0,29.0,125.0,4,27%; 43%; 22%; 41%,full,0,52.53
20260413_214009,2026-04-14T03:30:01.946830+00:00,ubereats,chapultepec,"Av. Chapultepec 200, Juárez, Cuauhtémoc, CDMX",19.4235,-99.159,commercial,Chapultepec,CDMX,McDonald's Zona Rosa,True,4.6,20000.0,McTrío Big Mac mediano+McFlurry Oreo,combo_big_mac,169.0,True,0.0,,11.0,29.0,169.0,4,27%; 43%; 22%; 41%,full,0,52.53
20260413_214009,2026-04-14T03:30:01.946830+00:00,ubereats,chapultepec,"Av. Chapultepec 200, Juárez, Cuauhtémoc, CDMX",19.4235,-99.159,commercial,Chapultepec,CDMX,McDonald's Zona Rosa,True,4.6,20000.0,McTrio mediano McNuggets 10 pzas,mcnuggets_10,159.0,True,0.0,,11.0,29.0,159.0,4,27%; 43%; 22%; 41%,full,0,52.53
20260413_214009,2026-04-14T03:30:54.491731+00:00,ubereats,chapultepec,"Av. Chapultepec 200, Juárez, Cuauhtémoc, CDMX",19.4235,-99.159,commercial,Chapultepec,CDMX,Burger King (Genova),True,4.3,10000.0,Combo Whopper,whopper,209.0,True,0.0,,10.0,27.0,209.0,7,20%; 26%; 27%; 47%; 22%; 42%; 40%,full,0,45.59
20260413_214009,2026-04-14T03:30:54.491731+00:00,ubereats,chapultepec,"Av. Chapultepec 200, Juárez, Cuauhtémoc, CDMX",19.4235,-99.159,commercial,Chapultepec,CDMX,Burger King (Genova),True,4.3,10000.0,Combo Whopper,combo_whopper,209.0,True,0.0,,10.0,27.0,209.0,7,20%; 26%; 27%; 47%; 22%; 42%; 40%,full,0,45.59
20260414_201121,2026-04-15T01:11:33.360636+00:00,didifood,polanco,"Av. Presidente Masaryk 340, Polanco V Sección, Miguel Hidalgo, CDMX",19.4326,-99.1942,high_income,Polanco,CDMX,McDonald's (Antara),True,4.1,4000.0,Big Mac,big_mac,87.0,True,15.0,,15.0,30.0,102.0,2,55%; 55%,full,0,41.45
20260414_201121,2026-04-15T01:11:33.360636+00:00,didifood,polanco,"Av. Presidente Masaryk 340, Polanco V Sección, Miguel Hidalgo, CDMX",19.4326,-99.1942,high_income,Polanco,CDMX,McDonald's (Antara),True,4.1,4000.0,McTrío Big Mac,combo_big_mac,199.0,True,15.0,,15.0,30.0,214.0,2,55%; 55%,full,0,41.45
20260414_201121,2026-04-15T01:11:33.360636+00:00,didifood,polanco,"Av. Presidente Masaryk 340, Polanco V Sección, Miguel Hidalgo, CDMX",19.4326,-99.1942,high_income,Polanco,CDMX,McDonald's (Antara),True,4.1,4000.0,McNuggets 10,mcnuggets_10,159.0,True,15.0,,15.0,30.0,174.0,2,55%; 55%,full,0,41.45
20260414_201121,2026-04-15T01:12:14.809685+00:00,didifood,polanco,"Av. Presidente Masaryk 340, Polanco V Sección, Miguel Hidalgo, CDMX",19.4326,-99.1942,high_income,Polanco,CDMX,Burger King (Antara),True,4.1,3000.0,Whopper,whopper,129.0,True,15.0,,15.0,30.0,144.0,2,62%; 62%,partial,1,55.94
20260414_201121,2026-04-15T01:13:10.749671+00:00,didifood,santa_fe,"Av. Santa Fe 440, Santa Fe, Cuajimalpa, CDMX",19.3592,-99.2741,high_income,Santa Fe,CDMX,McDonald's (Antara),True,4.1,4000.0,Big Mac,big_mac,87.0,True,15.0,,15.0,30.0,102.0,2,55%; 55%,full,0,55.48
20260414_201121,2026-04-15T01:13:10.749671+00:00,didifood,santa_fe,"Av. Santa Fe 440, Santa Fe, Cuajimalpa, CDMX",19.3592,-99.2741,high_income,Santa Fe,CDMX,McDonald's (Antara),True,4.1,4000.0,McTrío Big Mac,combo_big_mac,199.0,True,15.0,,15.0,30.0,214.0,2,55%; 55%,full,0,55.48
20260414_201121,2026-04-15T01:13:10.749671+00:00,didifood,santa_fe,"Av. Santa Fe 440, Santa Fe, Cuajimalpa, CDMX",19.3592,-99.2741,high_income,Santa Fe,CDMX,McDonald's (Antara),True,4.1,4000.0,McNuggets 10,mcnuggets_10,159.0,True,15.0,,15.0,30.0,174.0,2,55%; 55%,full,0,55.48
20260414_201121,2026-04-15T01:14:06.235435+00:00,didifood,santa_fe,"Av. Santa Fe 440, Santa Fe, Cuajimalpa, CDMX",19.3592,-99.2741,high_income,Santa Fe,CDMX,Burger King (Antara),True,4.1,3000.0,Whopper,whopper,129.0,True,15.0,,15.0,30.0,144.0,2,62%; 62%,partial,1,51.52
20260414_201121,2026-04-15T01:14:57.771542+00:00,didifood,condesa,"Ámsterdam 240, Hipódromo, Cuauhtémoc, CDMX",19.4113,-99.1722,high_income,Condesa,CDMX,McDonald's (Antara),True,4.1,4000.0,Big Mac,big_mac,87.0,True,15.0,,15.0,30.0,102.0,2,55%; 55%,full,0,56.01
20260414_201121,2026-04-15T01:14:57.771542+00:00,didifood,condesa,"Ámsterdam 240, Hipódromo, Cuauhtémoc, CDMX",19.4113,-99.1722,high_income,Condesa,CDMX,McDonald's (Antara),True,4.1,4000.0,McTrío Big Mac,combo_big_mac,199.0,True,15.0,,15.0,30.0,214.0,2,55%; 55%,full,0,56.01
20260414_201121,2026-04-15T01:14:57.771542+00:00,didifood,condesa,"Ámsterdam 240, Hipódromo, Cuauhtémoc, CDMX",19.4113,-99.1722,high_income,Condesa,CDMX,McDonald's (Antara),True,4.1,4000.0,McNuggets 10,mcnuggets_10,159.0,True,15.0,,15.0,30.0,174.0,2,55%; 55%,full,0,56.01
20260414_201121,2026-04-15T01:15:53.807665+00:00,didifood,condesa,"Ámsterdam 240, Hipódromo, Cuauhtémoc, CDMX",19.4113,-99.1722,high_income,Condesa,CDMX,Burger King (Antara),True,4.1,3000.0,Whopper,whopper,129.0,True,15.0,,15.0,30.0,144.0,2,62%; 62%,partial,1,54.82
20260414_201121,2026-04-15T01:17:44.731236+00:00,didifood,roma_norte,"Av. Álvaro Obregón 120, Roma Norte, Cuauhtémoc, CDMX",19.4195,-99.1619,high_income,Roma Norte,CDMX,McDonald's (Zona Rosa),True,4.2,7000.0,Big Mac,big_mac,87.0,True,12.0,,15.0,30.0,99.0,2,55%; 55%,full,0,41.05
20260414_201121,2026-04-15T01:17:44.731236+00:00,didifood,roma_norte,"Av. Álvaro Obregón 120, Roma Norte, Cuauhtémoc, CDMX",19.4195,-99.1619,high_income,Roma Norte,CDMX,McDonald's (Zona Rosa),True,4.2,7000.0,McTrío Big Mac,combo_big_mac,199.0,True,12.0,,15.0,30.0,211.0,2,55%; 55%,full,0,41.05
20260414_201121,2026-04-15T01:17:44.731236+00:00,didifood,roma_norte,"Av. Álvaro Obregón 120, Roma Norte, Cuauhtémoc, CDMX",19.4195,-99.1619,high_income,Roma Norte,CDMX,McDonald's (Zona Rosa),True,4.2,7000.0,McNuggets 10,mcnuggets_10,159.0,True,12.0,,15.0,30.0,171.0,2,55%; 55%,full,0,41.05
20260414_201121,2026-04-15T01:18:25.791260+00:00,didifood,roma_norte,"Av. Álvaro Obregón 120, Roma Norte, Cuauhtémoc, CDMX",19.4195,-99.1619,high_income,Roma Norte,CDMX,Burger King (Génova),True,4.1,10000.0,Whopper,whopper,129.0,True,12.0,,10.0,25.0,141.0,2,62%; 62%,partial,1,57.02
20260414_201121,2026-04-15T01:19:22.818308+00:00,didifood,lomas,"Blvd. Manuel Ávila Camacho 40, Lomas de Chapultepec, Miguel Hidalgo, CDMX",19.4251,-99.2117,high_income,Lomas de Chapultepec,CDMX,McDonald's (Zona Rosa),True,4.2,7000.0,Big Mac,big_mac,87.0,True,12.0,,15.0,30.0,99.0,2,55%; 55%,full,0,52.28
20260414_201121,2026-04-15T01:19:22.818308+00:00,didifood,lomas,"Blvd. Manuel Ávila Camacho 40, Lomas de Chapultepec, Miguel Hidalgo, CDMX",19.4251,-99.2117,high_income,Lomas de Chapultepec,CDMX,McDonald's (Zona Rosa),True,4.2,7000.0,McTrío Big Mac,combo_big_mac,199.0,True,12.0,,15.0,30.0,211.0,2,55%; 55%,full,0,52.28
20260414_201121,2026-04-15T01:19:22.818308+00:00,didifood,lomas,"Blvd. Manuel Ávila Camacho 40, Lomas de Chapultepec, Miguel Hidalgo, CDMX",19.4251,-99.2117,high_income,Lomas de Chapultepec,CDMX,McDonald's (Zona Rosa),True,4.2,7000.0,McNuggets 10,mcnuggets_10,159.0,True,12.0,,15.0,30.0,171.0,2,55%; 55%,full,0,52.28
20260414_201121,2026-04-15T01:20:15.120886+00:00,didifood,lomas,"Blvd. Manuel Ávila Camacho 40, Lomas de Chapultepec, Miguel Hidalgo, CDMX",19.4251,-99.2117,high_income,Lomas de Chapultepec,CDMX,Burger King (Génova),True,4.1,10000.0,Whopper,whopper,99.0,True,12.0,,10.0,25.0,111.0,2,62%; 62%,partial,1,53.21
20260414_201121,2026-04-15T01:21:08.340868+00:00,didifood,del_valle,"Av. Universidad 1200, Del Valle Centro, Benito Juárez, CDMX",19.3846,-99.1736,medium_high_income,Del Valle,CDMX,McDonald's (Zona Rosa),True,4.2,7000.0,Big Mac,big_mac,87.0,True,12.0,,15.0,30.0,99.0,2,55%; 55%,full,0,48.7
20260414_201121,2026-04-15T01:21:08.340868+00:00,didifood,del_valle,"Av. Universidad 1200, Del Valle Centro, Benito Juárez, CDMX",19.3846,-99.1736,medium_high_income,Del Valle,CDMX,McDonald's (Zona Rosa),True,4.2,7000.0,McTrío Big Mac,combo_big_mac,199.0,True,12.0,,15.0,30.0,211.0,2,55%; 55%,full,0,48.7
20260414_201121,2026-04-15T01:21:08.340868+00:00,didifood,del_valle,"Av. Universidad 1200, Del Valle Centro, Benito Juárez, CDMX",19.3846,-99.1736,medium_high_income,Del Valle,CDMX,McDonald's (Zona Rosa),True,4.2,7000.0,McNuggets 10,mcnuggets_10,159.0,True,12.0,,15.0,30.0,171.0,2,55%; 55%,full,0,48.7
20260414_201121,2026-04-15T01:21:57.046331+00:00,didifood,del_valle,"Av. Universidad 1200, Del Valle Centro, Benito Juárez, CDMX",19.3846,-99.1736,medium_high_income,Del Valle,CDMX,Burger King (Génova),True,4.1,10000.0,Whopper,whopper,129.0,True,12.0,,10.0,25.0,141.0,2,62%; 62%,partial,1,51.82
20260414_201121,2026-04-15T01:24:01.797536+00:00,didifood,del_valle_sur,"Av. Coyoacán 1500, Del Valle Sur, Benito Juárez, CDMX",19.3723,-99.1667,medium_high_income,Del Valle Sur,CDMX,McDonald's (San Ángel),True,4.4,500.0,Big Mac,big_mac,87.0,True,30.0,,35.0,50.0,117.0,2,55%; 55%,full,0,41.47
20260414_201121,2026-04-15T01:24:01.797536+00:00,didifood,del_valle_sur,"Av. Coyoacán 1500, Del Valle Sur, Benito Juárez, CDMX",19.3723,-99.1667,medium_high_income,Del Valle Sur,CDMX,McDonald's (San Ángel),True,4.4,500.0,McTrío Big Mac,combo_big_mac,177.0,True,30.0,,35.0,50.0,207.0,2,55%; 55%,full,0,41.47
20260414_201121,2026-04-15T01:24:01.797536+00:00,didifood,del_valle_sur,"Av. Coyoacán 1500, Del Valle Sur, Benito Juárez, CDMX",19.3723,-99.1667,medium_high_income,Del Valle Sur,CDMX,McDonald's (San Ángel),True,4.4,500.0,McNuggets 10,mcnuggets_10,169.0,True,30.0,,35.0,50.0,199.0,2,55%; 55%,full,0,41.47
20260414_201121,2026-04-15T01:24:43.266237+00:00,didifood,del_valle_sur,"Av. Coyoacán 1500, Del Valle Sur, Benito Juárez, CDMX",19.3723,-99.1667,medium_high_income,Del Valle Sur,CDMX,Burger King (Nápoles),True,4.2,7000.0,Whopper,whopper,129.0,True,18.0,,15.0,30.0,147.0,2,62%; 62%,partial,1,55.51
20260414_201121,2026-04-15T01:25:38.780821+00:00,didifood,country_club,"Calz. de Tlalpan 2000, Country Club, Coyoacán, CDMX",19.3594,-99.1534,medium_high_income,Coyoacán,CDMX,McDonald's (San Ángel),True,4.4,500.0,Big Mac,big_mac,87.0,True,30.0,,30.0,45.0,117.0,2,55%; 55%,full,0,62.27
20260414_201121,2026-04-15T01:25:38.780821+00:00,didifood,country_club,"Calz. de Tlalpan 2000, Country Club, Coyoacán, CDMX",19.3594,-99.1534,medium_high_income,Coyoacán,CDMX,McDonald's (San Ángel),True,4.4,500.0,McTrío Big Mac,combo_big_mac,177.0,True,30.0,,30.0,45.0,207.0,2,55%; 55%,full,0,62.27
20260414_201121,2026-04-15T01:25:38.780821+00:00,didifood,country_club,"Calz. de Tlalpan 2000, Country Club, Coyoacán, CDMX",19.3594,-99.1534,medium_high_income,Coyoacán,CDMX,McDonald's (San Ángel),True,4.4,500.0,McNuggets 10,mcnuggets_10,169.0,True,30.0,,30.0,45.0,199.0,2,55%; 55%,full,0,62.27
20260414_201121,2026-04-15T01:26:41.073307+00:00,didifood,country_club,"Calz. de Tlalpan 2000, Country Club, Coyoacán, CDMX",19.3594,-99.1534,medium_high_income,Coyoacán,CDMX,Burger King (Nápoles),True,4.2,7000.0,Whopper,whopper,129.0,True,18.0,,15.0,30.0,147.0,2,62%; 62%,partial,1,56.49
20260414_201121,2026-04-15T01:27:37.568444+00:00,didifood,florida,"Insurgentes Sur 1800, Florida, Álvaro Obregón, CDMX",19.3645,-99.1871,medium_high_income,Insurgentes Sur,CDMX,McDonald's (San Ángel),True,4.4,500.0,Big Mac,big_mac,87.0,True,30.0,,35.0,50.0,117.0,2,55%; 55%,full,0,56.67
20260414_201121,2026-04-15T01:27:37.568444+00:00,didifood,florida,"Insurgentes Sur 1800, Florida, Álvaro Obregón, CDMX",19.3645,-99.1871,medium_high_income,Insurgentes Sur,CDMX,McDonald's (San Ángel),True,4.4,500.0,McTrío Big Mac,combo_big_mac,177.0,True,30.0,,35.0,50.0,207.0,2,55%; 55%,full,0,56.67
20260414_201121,2026-04-15T01:27:37.568444+00:00,didifood,florida,"Insurgentes Sur 1800, Florida, Álvaro Obregón, CDMX",19.3645,-99.1871,medium_high_income,Insurgentes Sur,CDMX,McDonald's (San Ángel),True,4.4,500.0,McNuggets 10,mcnuggets_10,169.0,True,30.0,,35.0,50.0,199.0,2,55%; 55%,full,0,56.67
20260414_201121,2026-04-15T01:28:34.243646+00:00,didifood,florida,"Insurgentes Sur 1800, Florida, Álvaro Obregón, CDMX",19.3645,-99.1871,medium_high_income,Insurgentes Sur,CDMX,Burger King (Nápoles),True,4.2,7000.0,Whopper,whopper,129.0,True,18.0,,15.0,30.0,147.0,2,62%; 62%,partial,1,54.92
20260414_201121,2026-04-15T01:30:35.733020+00:00,didifood,mixcoac,"Av. Revolución 1300, Mixcoac, Benito Juárez, CDMX",19.3768,-99.1872,medium_high_income,Mixcoac,CDMX,McDonald's (San Ángel),True,4.4,500.0,Big Mac,big_mac,87.0,True,30.0,,35.0,50.0,117.0,2,55%; 55%,full,0,41.49
20260414_201121,2026-04-15T01:30:35.733020+00:00,didifood,mixcoac,"Av. Revolución 1300, Mixcoac, Benito Juárez, CDMX",19.3768,-99.1872,medium_high_income,Mixcoac,CDMX,McDonald's (San Ángel),True,4.4,500.0,McTrío Big Mac,combo_big_mac,177.0,True,30.0,,35.0,50.0,207.0,2,55%; 55%,full,0,41.49
20260414_201121,2026-04-15T01:30:35.733020+00:00,didifood,mixcoac,"Av. Revolución 1300, Mixcoac, Benito Juárez, CDMX",19.3768,-99.1872,medium_high_income,Mixcoac,CDMX,McDonald's (San Ángel),True,4.4,500.0,McNuggets 10,mcnuggets_10,169.0,True,30.0,,35.0,50.0,199.0,2,55%; 55%,full,0,41.49
20260414_201121,2026-04-15T01:31:17.239675+00:00,didifood,mixcoac,"Av. Revolución 1300, Mixcoac, Benito Juárez, CDMX",19.3768,-99.1872,medium_high_income,Mixcoac,CDMX,Burger King,True,,,Whopper,whopper,129.0,True,15.0,,15.0,30.0,144.0,2,62%; 62%,partial,1,57.22
20260414_201121,2026-04-15T01:32:14.457413+00:00,didifood,narvarte,"Eje Central 500, Narvarte Poniente, Benito Juárez, CDMX",19.396,-99.1496,medium_income,Narvarte,CDMX,McDonald's (San Ángel),True,4.4,500.0,Big Mac,big_mac,87.0,True,30.0,,35.0,50.0,117.0,2,55%; 55%,full,0,59.72
20260414_201121,2026-04-15T01:32:14.457413+00:00,didifood,narvarte,"Eje Central 500, Narvarte Poniente, Benito Juárez, CDMX",19.396,-99.1496,medium_income,Narvarte,CDMX,McDonald's (San Ángel),True,4.4,500.0,McTrío Big Mac,combo_big_mac,177.0,True,30.0,,35.0,50.0,207.0,2,55%; 55%,full,0,59.72
20260414_201121,2026-04-15T01:32:14.457413+00:00,didifood,narvarte,"Eje Central 500, Narvarte Poniente, Benito Juárez, CDMX",19.396,-99.1496,medium_income,Narvarte,CDMX,McDonald's (San Ángel),True,4.4,500.0,McNuggets 10,mcnuggets_10,169.0,True,30.0,,35.0,50.0,199.0,2,55%; 55%,full,0,59.72
20260414_201121,2026-04-15T01:33:14.179938+00:00,didifood,narvarte,"Eje Central 500, Narvarte Poniente, Benito Juárez, CDMX",19.396,-99.1496,medium_income,Narvarte,CDMX,Burger King (Nápoles),True,4.2,7000.0,Whopper,whopper,129.0,True,15.0,,15.0,30.0,144.0,2,62%; 62%,partial,1,54.74
20260414_201121,2026-04-15T01:34:08.935984+00:00,didifood,narvarte_ote,"Av. Cuauhtémoc 800, Narvarte Oriente, Benito Juárez, CDMX",19.3915,-99.144,medium_income,Narvarte Oriente,CDMX,McDonald's (San Ángel),True,4.4,500.0,Big Mac,big_mac,87.0,True,30.0,,35.0,50.0,117.0,2,55%; 55%,full,0,57.81
20260414_201121,2026-04-15T01:34:08.935984+00:00,didifood,narvarte_ote,"Av. Cuauhtémoc 800, Narvarte Oriente, Benito Juárez, CDMX",19.3915,-99.144,medium_income,Narvarte Oriente,CDMX,McDonald's (San Ángel),True,4.4,500.0,McTrío Big Mac,combo_big_mac,177.0,True,30.0,,35.0,50.0,207.0,2,55%; 55%,full,0,57.81
20260414_201121,2026-04-15T01:34:08.935984+00:00,didifood,narvarte_ote,"Av. Cuauhtémoc 800, Narvarte Oriente, Benito Juárez, CDMX",19.3915,-99.144,medium_income,Narvarte Oriente,CDMX,McDonald's (San Ángel),True,4.4,500.0,McNuggets 10,mcnuggets_10,169.0,True,30.0,,35.0,50.0,199.0,2,55%; 55%,full,0,57.81
20260414_201121,2026-04-15T01:35:06.796213+00:00,didifood,narvarte_ote,"Av. Cuauhtémoc 800, Narvarte Oriente, Benito Juárez, CDMX",19.3915,-99.144,medium_income,Narvarte Oriente,CDMX,Burger King (Nápoles),True,4.2,7000.0,Whopper,whopper,129.0,True,15.0,,15.0,30.0,144.0,2,62%; 62%,partial,1,54.59
20260414_201121,2026-04-15T01:37:05.224226+00:00,didifood,agricola_oriental,"Calz. Ignacio Zaragoza 600, Agrícola Oriental, Iztacalco, CDMX",19.3965,-99.0863,medium_income,Agrícola Oriental,CDMX,McDonald's (Ermita),True,4.2,20000.0,Big Mac,big_mac,87.0,True,31.0,,30.0,45.0,118.0,2,55%; 55%,full,0,43.17
20260414_201121,2026-04-15T01:37:05.224226+00:00,didifood,agricola_oriental,"Calz. Ignacio Zaragoza 600, Agrícola Oriental, Iztacalco, CDMX",19.3965,-99.0863,medium_income,Agrícola Oriental,CDMX,McDonald's (Ermita),True,4.2,20000.0,McTrío Big Mac,combo_big_mac,199.0,True,31.0,,30.0,45.0,230.0,2,55%; 55%,full,0,43.17
20260414_201121,2026-04-15T01:37:05.224226+00:00,didifood,agricola_oriental,"Calz. Ignacio Zaragoza 600, Agrícola Oriental, Iztacalco, CDMX",19.3965,-99.0863,medium_income,Agrícola Oriental,CDMX,McDonald's (Ermita),True,4.2,20000.0,McNuggets 10,mcnuggets_10,159.0,True,31.0,,30.0,45.0,190.0,2,55%; 55%,full,0,43.17
20260414_201121,2026-04-15T01:37:48.415186+00:00,didifood,agricola_oriental,"Calz. Ignacio Zaragoza 600, Agrícola Oriental, Iztacalco, CDMX",19.3965,-99.0863,medium_income,Agrícola Oriental,CDMX,Burger King (Plaza Oriente),True,4.2,20000.0,Whopper,whopper,129.0,True,18.0,,10.0,25.0,147.0,2,62%; 62%,partial,1,57.7
20260414_201121,2026-04-15T01:38:46.118105+00:00,didifood,letran_valle,"Eje 5 Sur 300, Letrán Valle, Benito Juárez, CDMX",19.375,-99.157,medium_income,Letrán Valle,CDMX,McDonald's (Ermita),True,4.2,20000.0,Big Mac,big_mac,87.0,True,31.0,,30.0,45.0,118.0,2,55%; 55%,full,0,51.47
20260414_201121,2026-04-15T01:38:46.118105+00:00,didifood,letran_valle,"Eje 5 Sur 300, Letrán Valle, Benito Juárez, CDMX",19.375,-99.157,medium_income,Letrán Valle,CDMX,McDonald's (Ermita),True,4.2,20000.0,McTrío Big Mac,combo_big_mac,199.0,True,31.0,,30.0,45.0,230.0,2,55%; 55%,full,0,51.47
20260414_201121,2026-04-15T01:38:46.118105+00:00,didifood,letran_valle,"Eje 5 Sur 300, Letrán Valle, Benito Juárez, CDMX",19.375,-99.157,medium_income,Letrán Valle,CDMX,McDonald's (Ermita),True,4.2,20000.0,McNuggets 10,mcnuggets_10,159.0,True,31.0,,30.0,45.0,190.0,2,55%; 55%,full,0,51.47
20260414_201121,2026-04-15T01:39:37.593068+00:00,didifood,letran_valle,"Eje 5 Sur 300, Letrán Valle, Benito Juárez, CDMX",19.375,-99.157,medium_income,Letrán Valle,CDMX,Burger King,True,,,Whopper,whopper,129.0,True,18.0,,10.0,25.0,147.0,2,62%; 62%,partial,1,52.25
20260414_201121,2026-04-15T01:40:29.865290+00:00,didifood,tacuba,"Calz. México-Tacuba 500, Tacuba, Miguel Hidalgo, CDMX",19.452,-99.18,medium_income,Tacuba,CDMX,McDonald's (Ermita),True,4.2,20000.0,Big Mac,big_mac,87.0,True,31.0,,30.0,45.0,118.0,2,55%; 55%,full,0,56.97
20260414_201121,2026-04-15T01:40:29.865290+00:00,didifood,tacuba,"Calz. México-Tacuba 500, Tacuba, Miguel Hidalgo, CDMX",19.452,-99.18,medium_income,Tacuba,CDMX,McDonald's (Ermita),True,4.2,20000.0,McTrío Big Mac,combo_big_mac,199.0,True,31.0,,30.0,45.0,230.0,2,55%; 55%,full,0,56.97
20260414_201121,2026-04-15T01:40:29.865290+00:00,didifood,tacuba,"Calz. México-Tacuba 500, Tacuba, Miguel Hidalgo, CDMX",19.452,-99.18,medium_income,Tacuba,CDMX,McDonald's (Ermita),True,4.2,20000.0,McNuggets 10,mcnuggets_10,159.0,True,31.0,,30.0,45.0,190.0,2,55%; 55%,full,0,56.97
20260414_201121,2026-04-15T01:41:26.837911+00:00,didifood,tacuba,"Calz. México-Tacuba 500, Tacuba, Miguel Hidalgo, CDMX",19.452,-99.18,medium_income,Tacuba,CDMX,Burger King (Plaza Oriente),True,4.2,20000.0,Whopper,whopper,129.0,True,18.0,,15.0,30.0,147.0,2,62%; 62%,partial,1,55.51
20260414_201121,2026-04-15T01:43:28.106182+00:00,didifood,iztapalapa,"Av. Ermita Iztapalapa 3000, Santa Cruz Meyehualco, Iztapalapa, CDMX",19.3579,-99.052,low_income,Iztapalapa,CDMX,McDonald's (Zaragoza),True,4.4,20000.0,Big Mac,big_mac,87.0,True,35.0,,30.0,45.0,122.0,2,55%; 55%,full,0,44.31
20260414_201121,2026-04-15T01:43:28.106182+00:00,didifood,iztapalapa,"Av. Ermita Iztapalapa 3000, Santa Cruz Meyehualco, Iztapalapa, CDMX",19.3579,-99.052,low_income,Iztapalapa,CDMX,McDonald's (Zaragoza),True,4.4,20000.0,McTrío Big Mac,combo_big_mac,177.0,True,35.0,,30.0,45.0,212.0,2,55%; 55%,full,0,44.31
20260414_201121,2026-04-15T01:43:28.106182+00:00,didifood,iztapalapa,"Av. Ermita Iztapalapa 3000, Santa Cruz Meyehualco, Iztapalapa, CDMX",19.3579,-99.052,low_income,Iztapalapa,CDMX,McDonald's (Zaragoza),True,4.4,20000.0,McNuggets 10,mcnuggets_10,159.0,True,35.0,,30.0,45.0,194.0,2,55%; 55%,full,0,44.31
20260414_201121,2026-04-15T01:44:12.427543+00:00,didifood,iztapalapa,"Av. Ermita Iztapalapa 3000, Santa Cruz Meyehualco, Iztapalapa, CDMX",19.3579,-99.052,low_income,Iztapalapa,CDMX,Burger King (Plaza Oriente),True,4.2,20000.0,Whopper,whopper,129.0,True,29.0,,20.0,35.0,158.0,2,62%; 62%,partial,1,54.2
20260414_201121,2026-04-15T01:45:06.688915+00:00,didifood,tlahuac,"Av. Tláhuac 4000, Santiago Acahualtepec, Iztapalapa, CDMX",19.335,-99.03,low_income,Tláhuac / Sur-Oriente,CDMX,McDonald's (Zaragoza),True,4.4,20000.0,Big Mac,big_mac,87.0,True,35.0,,30.0,45.0,122.0,2,55%; 55%,full,0,57.91
20260414_201121,2026-04-15T01:45:06.688915+00:00,didifood,tlahuac,"Av. Tláhuac 4000, Santiago Acahualtepec, Iztapalapa, CDMX",19.335,-99.03,low_income,Tláhuac / Sur-Oriente,CDMX,McDonald's (Zaragoza),True,4.4,20000.0,McTrío Big Mac,combo_big_mac,177.0,True,35.0,,30.0,45.0,212.0,2,55%; 55%,full,0,57.91
20260414_201121,2026-04-15T01:45:06.688915+00:00,didifood,tlahuac,"Av. Tláhuac 4000, Santiago Acahualtepec, Iztapalapa, CDMX",19.335,-99.03,low_income,Tláhuac / Sur-Oriente,CDMX,McDonald's (Zaragoza),True,4.4,20000.0,McNuggets 10,mcnuggets_10,159.0,True,35.0,,30.0,45.0,194.0,2,55%; 55%,full,0,57.91
20260414_201121,2026-04-15T01:46:04.598751+00:00,didifood,tlahuac,"Av. Tláhuac 4000, Santiago Acahualtepec, Iztapalapa, CDMX",19.335,-99.03,low_income,Tláhuac / Sur-Oriente,CDMX,Burger King (Plaza Oriente),True,4.2,20000.0,Whopper,whopper,129.0,True,29.0,,20.0,35.0,158.0,2,62%; 62%,partial,1,49.72
20260414_201121,2026-04-15T01:46:54.360907+00:00,didifood,gam,"Gran Canal 500, Casas Alemán, Gustavo A. Madero, CDMX",19.4836,-99.0921,low_income,GAM Norte,CDMX,McDonald's (Zaragoza),True,4.4,20000.0,Big Mac,big_mac,87.0,True,35.0,,30.0,45.0,122.0,2,55%; 55%,full,0,53.41
20260414_201121,2026-04-15T01:46:54.360907+00:00,didifood,gam,"Gran Canal 500, Casas Alemán, Gustavo A. Madero, CDMX",19.4836,-99.0921,low_income,GAM Norte,CDMX,McDonald's (Zaragoza),True,4.4,20000.0,McTrío Big Mac,combo_big_mac,177.0,True,35.0,,30.0,45.0,212.0,2,55%; 55%,full,0,53.41
20260414_201121,2026-04-15T01:46:54.360907+00:00,didifood,gam,"Gran Canal 500, Casas Alemán, Gustavo A. Madero, CDMX",19.4836,-99.0921,low_income,GAM Norte,CDMX,McDonald's (Zaragoza),True,4.4,20000.0,McNuggets 10,mcnuggets_10,159.0,True,35.0,,30.0,45.0,194.0,2,55%; 55%,full,0,53.41
20260414_201121,2026-04-15T01:47:47.788659+00:00,didifood,gam,"Gran Canal 500, Casas Alemán, Gustavo A. Madero, CDMX",19.4836,-99.0921,low_income,GAM Norte,CDMX,Burger King (Plaza Oriente),True,4.2,20000.0,Whopper,whopper,129.0,True,29.0,,25.0,40.0,158.0,2,62%; 62%,partial,1,54.12
20260414_201121,2026-04-15T01:49:47.368735+00:00,didifood,ecatepec,"Av. Central 200, Ecatepec Centro, Ecatepec, Estado de México",19.6012,-99.044,low_income,Ecatepec (Edo. Méx.),Ecatepec,McDonald's (Ecatepec Las Americas),True,4.5,10000.0,Big Mac,big_mac,87.0,True,23.0,,15.0,30.0,110.0,2,55%; 55%,full,0,43.84
20260414_201121,2026-04-15T01:49:47.368735+00:00,didifood,ecatepec,"Av. Central 200, Ecatepec Centro, Ecatepec, Estado de México",19.6012,-99.044,low_income,Ecatepec (Edo. Méx.),Ecatepec,McDonald's (Ecatepec Las Americas),True,4.5,10000.0,McTrío Big Mac,combo_big_mac,199.0,True,23.0,,15.0,30.0,222.0,2,55%; 55%,full,0,43.84
20260414_201121,2026-04-15T01:49:47.368735+00:00,didifood,ecatepec,"Av. Central 200, Ecatepec Centro, Ecatepec, Estado de México",19.6012,-99.044,low_income,Ecatepec (Edo. Méx.),Ecatepec,McDonald's (Ecatepec Las Americas),True,4.5,10000.0,McNuggets 10,mcnuggets_10,159.0,True,23.0,,15.0,30.0,182.0,2,55%; 55%,full,0,43.84
20260414_201121,2026-04-15T01:50:31.247256+00:00,didifood,ecatepec,"Av. Central 200, Ecatepec Centro, Ecatepec, Estado de México",19.6012,-99.044,low_income,Ecatepec (Edo. Méx.),Ecatepec,Burger King (Sauvage),True,4.2,10000.0,Whopper,whopper,99.0,True,23.0,,15.0,30.0,122.0,2,MX$259; MX$259,partial,1,53.49
